2021?ê?D1ú?????ˉ×÷???????????¤èy1ú?T???·HD1ú?á??ó??Dó￠??×?,https://www.dy2018.com/i/103610.html,magnet:?xt=urn:btih:7a1c89a714e2cc6b6fde4822a70107c5cddac0b9&dn=[μ?ó°ììì?www.dytt89.com]???¤èy1ú?T??-2021_HD?áó??Dó￠??×?.mp4,"magnet:?xt=urn:btih:1d0ece9e3436529559b61490ed127ee2938b8bb3&dn=[μ?ó°ììì?www.dytt89.com]???¤èy1ú?T??-2021_HD1úó??Dó￠??×?.mp4",,
2020?êè?±?9.2·??????ˉ?-??1í?e??èD ??ì?????é??a?·BDè?ó??D×?,https://www.dy2018.com/i/103608.html,magnet:?xt=urn:btih:4de4516bc709cdc2168668e40a5da6cf340530c8&dn=[μ?ó°ììì?www.dytt89.com]1í?e??èD ??ì?????é??a-2020_BDè?ó??D×?.mp4,,,
2019?êè?±?9.2·??ˉ?-????1í?e??èD D???μ???°í?·BDè?ó??D×?,https://www.dy2018.com/i/103601.html,magnet:?xt=urn:btih:4279495b3622491a887b77024b0241b4f36bb0a6&dn=[μ?ó°ììì?www.dytt89.com]1í?e??èD D???μ???°í-2019_BDè?ó??D×?.mp4,,,
2021?ê?à1ú?ˉ×÷·?×?????à??ao·???·BD?Dó￠??×?,https://www.dy2018.com/i/103577.html,magnet:?xt=urn:btih:f35b976ab02e227a48df392918390e7c99558f63&dn=[μ?ó°ììì?www.dytt89.com]à??ao·??-2021_BD?Dó￠??×?.mp4,,,
2021?ê1ú2ú?ˉ×÷????????·aé?°?￡o????íò?é?ó?·HD1úó??D×?,https://www.dy2018.com/i/103575.html,magnet:?xt=urn:btih:9ce5b7b9ee663cd76a398102af367d33289cc68c&dn=[μ?ó°ììì?www.dytt89.com]·aé?°?￡o????íò?é?ó-2021_HD1úó??D×?.mp4,,,
2021?êó￠1ú?ˉ×÷????D??í??1??ù?·HDó￠ó??D×?,https://www.dy2018.com/i/103565.html,magnet:?xt=urn:btih:d9385d7c6a33898ccd5620a7d418983c80fc22a8&dn=[μ?ó°ììì?www.dytt89.com]D??í??1??ù-2021_HDó￠ó??D×?.mp4,,,
2021?ê?·?à?ˉ×÷·?×?????ì??????úí?￡ooìé?í¨??á??·BD?Dó￠??×?,https://www.dy2018.com/i/103555.html,magnet:?xt=urn:btih:f434a924d6b795c7d324c3d1bc5bb13358dce938&dn=[μ?ó°ììì?www.dytt89.com]ì??????úí?￡ooìé?í¨??á?-2021_BD?Dó￠??×?.mp4,,,
2021?ê?à1ú?ˉ×÷·?×?????′óê|?·BD?Dó￠??×?,https://www.dy2018.com/i/103551.html,magnet:?xt=urn:btih:854d3e3ade70c2bdbfdb4618f5236989873a9479&dn=[μ?ó°ììì?www.dytt89.com]′óê|-2021_BD?Dó￠??×?.mp4,"magnet:?xt=urn:btih:6216534866121f103b9e711a416b190f5bdf2796&dn=[μ?ó°ììì?www.dytt89.com]′óê|-2021_BD.1080P.?Dó￠??×?.mp4",,
2021?ê1ú2ú?ˉ×÷1?×°???????ò?ú1?ê??·HD1úó??D×?,https://www.dy2018.com/i/103545.html,magnet:?xt=urn:btih:efa9be1089844c038e749c2e5135d5f263df9051&dn=[μ?ó°ììì?www.dytt89.com]???ò?ú1?ê?-2021_HD1úó??D×?.mp4,,,
2021?ê?·?à?ˉ×÷??????????è??ì′ò?·HD?Dó￠??×?,https://www.dy2018.com/i/103541.html,magnet:?xt=urn:btih:f9f2f48e0e90b5567d2a7c077a10d4ddc8518706&dn=[μ?ó°ììì?www.dytt89.com]??è??ì′ò-2021_HD?Dó￠??×?.mp4,,,
2021?êo?1ú6.2·??ˉ×÷????????Dì?￡?·BDo?ó??D×?,https://www.dy2018.com/i/103513.html,magnet:?xt=urn:btih:d5c8f3745d2274d3b874bfec3ad177c77d1348d3&dn=[μ?ó°ììì?www.dytt89.com]Dì?￡-2021_BDo?ó??D×?.mp4,,,
2021?ê?à1ú7.9·??ˉ×÷·?×?????D?è????·BD?Dó￠??×?,https://www.dy2018.com/i/103506.html,magnet:?xt=urn:btih:ef6006794b90b446ce8a55957b2aa26c76388642&dn=[μ?ó°ììì?www.dytt89.com]D?è???-2021_BD?Dó￠??×?.mp4,,,
2021?ê?à1ú?ˉ×÷?a?¤????é??1ê??·BD?Dó￠??×?,https://www.dy2018.com/i/103496.html,magnet:?xt=urn:btih:cd4e5c0c5c3b2ab22c081730b2041fd9390f14fd&dn=[μ?ó°ììì?www.dytt89.com]é??1ê?-2021_BD?Dó￠??×?.mp4,,,
2021?ê1ú2ú7.0·??ˉ×÷????????′ìé±D??μ?ò?·HD1úó??D×?,https://www.dy2018.com/i/103464.html,magnet:?xt=urn:btih:f269992eb6cf6ad253c75a42739f44d1b02432b4&dn=[μ?ó°ììì?www.dytt89.com]′ìé±D??μ?ò-2021_HD1úó??D×?V2.mp4,"magnet:?xt=urn:btih:1bc699569f45c357c771fa4993009db5596e6d67&dn=[μ?ó°ììì?www.dytt89.com]′ìé±D??μ?ò-2021_HD1úó??D×?.mp4",,
2021?ê?à1ú?2???ˉ×÷????à×?a??é??·BD?Dó￠??×?,https://www.dy2018.com/i/103461.html,magnet:?xt=urn:btih:281c75036fc7f5a9704c7881b525c3be333dd815&dn=[μ?ó°ììì?www.dytt89.com]à×?a??é?-2021_BD?Dó￠??×?.mp4,,,
2020?ê?·?à6.3·??ˉ×÷?a?¤??????à???3??·BD?Dó￠??×?,https://www.dy2018.com/i/103460.html,magnet:?xt=urn:btih:d0d11d3f9df91d8667784d8233647f13e9ec6534&dn=[μ?ó°ììì?www.dytt89.com]??à???3?-2020_BD?Dó￠??×?.mp4,,,
2021?ê?à1ú?á1?à-?1?¤?-????2à????ítà?μ?ó?à??°?·BD?Dó￠??×?,https://www.dy2018.com/i/103442.html,magnet:?xt=urn:btih:1916aad55124b5d397acd5535da7944eb67c5468&dn=[μ?ó°ììì?www.dytt89.com]ítà?μ?ó?à??°-2021_BD?Dó￠??×?.mp4,,,
2021?ê1ú2ú7.4·??????ˉ?-??D?é?°?￡o??????éú?·HD1ú?á??ó??D×?,https://www.dy2018.com/i/103412.html,magnet:?xt=urn:btih:89847e3934f8a5ccdff2cd0e74bb1c6d17a24641&dn=[μ?ó°ììì?www.dytt89.com]D?é?°?￡o??????éú-2021_HD1ú?á??ó??D×?.mkv,"magnet:?xt=urn:btih:1fb17239187f39f2ab92df73fa9ffb9c526532a2&dn=[μ?ó°ììì?www.dytt89.com]D?é?°?￡o??????éú-2021_HD1úó??D×?.mp4",,
2021?ê1ú2ú?2???ˉ×÷?????òμ?ò°?ù???????·HD1úó??D×?,https://www.dy2018.com/i/103420.html,magnet:?xt=urn:btih:de806df400c9f1b87b26bfd616cf3b4f55fb07ad&dn=[μ?ó°ììì?www.dytt89.com]?òμ?ò°?ù??????-2021_HD1úó??D×?.mp4,,,
2021?ê1ú2ú?ˉ×÷1?×°??????·éoè????é?á?êàèù?·HD1úó??D×?,https://www.dy2018.com/i/103405.html,magnet:?xt=urn:btih:93e951afcf7e8a601a3e8ca48784a46352798b84&dn=[μ?ó°ììì?www.dytt89.com]??·éoè????é?á?êàèù-2021_HD1úó??D×?.mp4,,,
2021?ê?·?à6.7·??ˉ×÷???????????1à-′ó???e???·BD?Dó￠??×?,https://www.dy2018.com/i/103400.html,magnet:?xt=urn:btih:1cac78fd9cae1a384cbb3179a5d6ab7d9396350c&dn=[μ?ó°ììì?www.dytt89.com]???1à-′ó???e??-2021_BD?Dó￠??×?V2×?????ò?°?.mp4,"magnet:?xt=urn:btih:4a96173e596e594ebb61fc6b4e0e737fd2fbe1d8&dn=[μ?ó°ììì?www.dytt89.com]???1à-′ó???e??-2021_HDó￠ó??D×?.mp4",,
2021?ê1ú2ú?ˉ×÷????????ê?é???íò?￡·a?§?·HD1úó??D×?,https://www.dy2018.com/i/103369.html,magnet:?xt=urn:btih:b970b0e53e157904397def10608b71dbec761ba1&dn=[μ?ó°ììì?www.dytt89.com]ê?é???íò?￡·a?§-2021_HD1úó??D×?.mp4,,,
2019?ê?à1ú6.6·??ˉ×÷·?×?????21×ù???·BD?Dó￠??×?,https://www.dy2018.com/i/103367.html,magnet:?xt=urn:btih:0f831c0c029dcba62970312b13f58bba10a86a33&dn=[μ?ó°ììì?www.dytt89.com]21×ù??-2019_BD?Dó￠??×?.mp4,,,
2021?ê1ú2úêíD?áú?ˉ×÷?????????à3à??á??y′??·HD1úó??D×?,https://www.dy2018.com/i/103347.html,magnet:?xt=urn:btih:abb10ba66e51f49d60880ca9ca19c97e5154309b&dn=[μ?ó°ììì?www.dytt89.com]?à3à??á??y′?-2021_HD1úó??D×?.mp4,,,
2021?ê1ú2úDì????D????ˉ×÷????à?°????·HD1úó??D×?,https://www.dy2018.com/i/103345.html,magnet:?xt=urn:btih:1dd23edaf3a38a82fcef75e9e0f5c258583ed35d&dn=[μ?ó°ììì?www.dytt89.com]à?°???-2021_HD1úó??D×?.mp4,,,
2021?ê?÷°à?à7.1·??ˉ×÷·?×????????·?????·BDó￠ó??D×?,https://www.dy2018.com/i/103338.html,magnet:?xt=urn:btih:eeb61eb156ea5e13813b8e248a4b953edce751ec&dn=[μ?ó°ììì?www.dytt89.com]???·????-2021_BDó￠ó??D×?.mp4,,,
2020?ê?·?à6.5·??ˉ×÷????é??????à1984?·BD1úó￠??ó??Dó￠??×?,https://www.dy2018.com/i/102969.html,magnet:?xt=urn:btih:81d6004141cd56d331f6b53152cd6aa7837124e8&dn=[μ?ó°ììì?www.dytt89.com]é??????à1984BD1úó￠??ó??Dó￠??×?V2DT?y°?.mp4,"magnet:?xt=urn:btih:03597d1af72e368c7ffd1853a3903b6386c753f5&dn=[μ?ó°ììì?www.dytt89.com]é??????à1984-2020_BD1úó￠??ó??Dó￠??×?.mp4","magnet:?xt=urn:btih:9fb8f88681f6475f8ba52b4aece120548fbc482c&dn=[μ?ó°ììì?www.dytt89.com]é??????à1984-2020_BD?Dó￠??×?V2.mp4","magnet:?xt=urn:btih:d696dec06c651fa50322e16e4a9783895395bb2c&dn=[μ?ó°ììì?www.dytt89.com]é??????à1984-2020_BD?Dó￠??×?.mp4"
2021?ê?à1ú8.8·??????????ú???¤ê???μ?°??yò?áa???·BD?Dó￠??×?,https://www.dy2018.com/i/103335.html,magnet:?xt=urn:btih:e22bc91f735a83bce9bf81a0968c3c381be84c20&dn=[μ?ó°ììì?www.dytt89.com]?ú???¤ê???μ?°??yò?áa??-2021_BD?Dó￠??×?.mp4,,,
2019?ê?à1ú?ˉ×÷?a?¤??????à?μ?μo?·BD?Dó￠??×?,https://www.dy2018.com/i/103306.html,magnet:?xt=urn:btih:ef4dfafccc610e23ffe26b7dab6b576d41b89eec&dn=[μ?ó°ììì?www.dytt89.com]??à?μ?μo-2019_BD?Dó￠??×?.mp4,,,
2020?êè?±??ˉ×÷????????2??·BDè?ó??D×?,https://www.dy2018.com/i/103305.html,magnet:?xt=urn:btih:e6f6af810df0081e122e5354565d94f9d55d7ff9&dn=[μ?ó°ììì?www.dytt89.com]????2?-2020_BDè?ó??D×?.mp4,,,
2021?ê1ú2ú??o￡·???3¤?-???é???????é?a??ê¨×ó?￥?·HD1úó??D×?,https://www.dy2018.com/i/103302.html,magnet:?xt=urn:btih:6a5738820da4209d95fcbaf190d4bf9a562ebea8&dn=[μ?ó°ììì?www.dytt89.com]???é?a??ê¨×ó?￥-2021_HD1úó??D×?.mp4,,
2021?ê·¨1ú?ˉ×÷????éú±?DD?ˉ?·BD?Dó￠??×?,https://www.dy2018.com/i/103297.html,magnet:?xt=urn:btih:8ebed9020a0556643e893c38495fef71b2aed33e&dn=[μ?ó°ììì?www.dytt89.com]éú±?DD?ˉ-2021_BD?Dó￠??×?.mp4,,
2021?ê1ú2ú3?o????ˉ×÷Düòé????μòèê?ü￡o3¤°2±??·HD1úó??D×?,https://www.dy2018.com/i/103292.html,magnet:?xt=urn:btih:e8586f9bd379f1fee32907d89820e62f76ccd575&dn=[μ?ó°ììì?www.dytt89.com]μòèê?ü￡o3¤°2±?-2021_HD1úó??D×?.mp4,,
2021?ê?à1ú?ˉ×÷????????íaD?×????·BD?Dó￠??×?,https://www.dy2018.com/i/103287.html,magnet:?xt=urn:btih:7f52effed5df37aa54b9b4d6b23fe78b50d01d05&dn=[μ?ó°ììì?www.dytt89.com]íaD?×???-2021_BD?Dó￠??×?.mp4,,
2021?êè?±?Düòé?ˉ?-???????ìì?????￡o?3é?μ?2??ú3??¤?÷?·BD?D×?,https://www.dy2018.com/i/103282.html,magnet:?xt=urn:btih:d4615c208f984371325bcd307a8fd36f0dd1aaa8&dn=???ìì?????￡o?3é?μ?2??ú3??¤?÷-2021_BDè?ó??D×?.mp4,,
2021?ê1ú2ú?ˉ×÷????í-?¤ìú1?·?êàó??·HD1úó??D×?,https://www.dy2018.com/i/103280.html,magnet:?xt=urn:btih:1c27cb19b16ddccd4088d18a02a7a8e0fd3680ef&dn=[μ?ó°ììì?www.dytt89.com]í-?¤ìú1?·?êàó?-2021_HD1úó??D×?.mp4,,
2021?ê1ú2ú?ˉ×÷????????ò????èéú?·HD1úó??D×?,https://www.dy2018.com/i/103274.html,magnet:?xt=urn:btih:6af15805705de39f2a989d4ef931568e66653fca&dn=[μ?ó°ììì?www.dytt89.com]ò????èéú-2021_HD1úó??D×?.mp4,,
2021?ê?·?à?ˉ×÷°??é?????èêê??è??·BD?D×?,https://www.dy2018.com/i/103269.html,magnet:?xt=urn:btih:a9742ca8011f5e65375e3d459889e21b554677d7&dn=[μ?ó°ììì?www.dytt89.com]?èêê??è?-2021_BD?D×?.mp4,,
2021?ê1ú2úD????ˉ×÷????????DT?é′???á??￡?·HD1úó??D×?,https://www.dy2018.com/i/103263.html,magnet:?xt=urn:btih:8aabe78ddecceba0726f5733c6fcfe7a9104df61&dn=[μ?ó°ììì?www.dytt89.com]DT?é′???á??￡-2021_HD1úó??D×?.mp4,,
2020?ê?à1ú?ˉ×÷?°??????òaμD?·BD?D×?,https://www.dy2018.com/i/103249.html,magnet:?xt=urn:btih:12f4ea99448284cddf04289181a76b4b63c67b35&dn=[μ?ó°ììì?www.dytt89.com]òaμD-2020_BD?D×?.mp4,,
2021?ê?à1ú7.6·??ˉ×÷????D?í??ó?á?·BD?Dó￠??×?,https://www.dy2018.com/i/103224.html,magnet:?xt=urn:btih:688ac159d97235238422d30e54328004a4af7414&dn=[μ?ó°ììì?www.dytt89.com]D?í??ó?á-2021_BD?Dó￠??×?.mp4,,
2020?ê1ú2úá?μ??aá??à???ˉ×÷·?×?????2eμˉ×¨?ò2?·HD1úó??D×?,https://www.dy2018.com/i/103223.html,magnet:?xt=urn:btih:1c5596857e6fa9937ba777485d74c9166c4d334d&dn=[μ?ó°ììì?www.dytt89.com]2eμˉ×¨?ò2-2020_HD1úó??D×?.mp4,,
2021?ê1ú2ú????×??ˉ×÷????·′?÷?·HD1úó??D×?,https://www.dy2018.com/i/103213.html,magnet:?xt=urn:btih:ce5a9460116bdb1c366b08a0df65e695d8e5db73&dn=[μ?ó°ììì?www.dytt89.com]·′?÷-2021_HD1úó??D×?.mp4,,
2020?ê?à1ú?ˉ×÷????????1???á÷á????·BD?D×?,https://www.dy2018.com/i/103212.html,magnet:?xt=urn:btih:d01722fbaa7539f0b7f6ca2f8704b50a78d21a85&dn=[μ?ó°ììì?www.dytt89.com]1???á÷á???-2020_BD?D×?.mp4,,
2020?ê?í?T?16.0·??ˉ×÷????????ò?oóê????±?·BD?D×?,https://www.dy2018.com/i/103206.html,magnet:?xt=urn:btih:4151c50f938bf072ef12d17127b27231f5bb023e&dn=[μ?ó°ììì?www.dytt89.com]ò?oóê????±-2020_BD?D×?.mp4,,
2021?ê1ú2úí?±|???ˉ×÷????éùá?????μ?±|′????·HD1úó??D×?,https://www.dy2018.com/i/103194.html,magnet:?xt=urn:btih:9e593cd17de23e83c842fc34a41b7d86a64efa3b&dn=[μ?ó°ììì?www.dytt89.com]éùá?????μ?±|′???-2021_HD1úó??D×?.mp4,,
2020?êo?1ú?ˉ×÷?????￡?í?·BDo?ó??D×?,https://www.dy2018.com/i/103189.html,magnet:?xt=urn:btih:a08f6213a18f6e40be51ebbd7e8c51754a229ce3&dn=[μ?ó°ììì?www.dytt89.com]?￡?í-2020_BDo?ó??D×?.mp4,,
2020?ê?à1ú6.0·??ˉ×÷?a?¤????D￡?°′óìóé±?·BD?Dó￠??×?,https://www.dy2018.com/i/103175.html,magnet:?xt=urn:btih:7bf31e9683f9d26bea85a6b6a2db6082ea438522&dn=[μ?ó°ììì?www.dytt89.com]D￡?°′óìóé±-2020_BD?Dó￠??×?.mp4,,
2020?ê1ú2ú?ˉ×÷·?×??????T??DD????éú?à?±DD?·BD?áó??D×?,https://www.dy2018.com/i/102735.html,magnet:?xt=urn:btih:a8d7a4ebc4e003b1325e18d59cf8554a8375a5e7&dn=[μ?ó°ììì?www.dytt89.com]?T??DD????éú?à?±DD-2020_BD?áó??D×?.mp4,"magnet:?xt=urn:btih:70bf2e294b2e3a36bb95f6334dacf7b102a44099&dn=[μ?ó°ììì?www.dytt89.com]?T??DD????éú?à?±DDHD1ú?á??ó??D×?.mp4","magnet:?xt=urn:btih:24810aec5fa585a85f97ca8ad94dde9729100a2b&dn=[μ?ó°ììì?www.dytt89.com]?T??DD????éú?à?±DDHD1úó??D×?.mp4"
2020?ê1ú2ú6.3·??ˉ×÷???????????±?è???·HD1úó??D×?,https://www.dy2018.com/i/103172.html,magnet:?xt=urn:btih:c22a780c51cc16900e674cd4bad32e9503905bc1&dn=[μ?ó°ììì?www.dytt89.com]???±?è??-2020_HD1úó??D×?.mp4,,
2020?ê?à1ú?2???ˉ×÷????3??????ü?·BD?D×?,https://www.dy2018.com/i/103170.html,magnet:?xt=urn:btih:69b316a7b7ac696a2be2ba6e7ede4724808e7430&dn=[μ?ó°ììì?www.dytt89.com]3??????ü-2020_BD?D×?.mp4,,
2021?ê1ú2ú?àá??°?a±??ˉ×÷????D??×1éà′?·HD1úó??D×?,https://www.dy2018.com/i/103155.html,magnet:?xt=urn:btih:9f0e7a7dba2bdf6a890c13840db3e0f5708e5898&dn=[μ?ó°ììì?www.dytt89.com]D??×1éà′-2021_HD1úó??D×?.mp4,,
2021?ê?÷°à?à6.8·??ˉ×÷?a?¤????á??èò????·BD?÷°à?àó??D×?,https://www.dy2018.com/i/103144.html,magnet:?xt=urn:btih:b27f96559f276ebf6a2b8cf208c85a19fe5420e0&dn=[μ?ó°ììì?www.dytt89.com]á??èò???-2021_BD?÷°à?àó??D×?.mp4,,
2020?ê?·?à7.1·??a?¤??2à?????aDèμ?óü?·HD?Dó￠??×?,https://www.dy2018.com/i/103142.html,magnet:?xt=urn:btih:85178dcc91ffcd5a33b82fece1e9e8f0e65aacdf&dn=[μ?ó°ììì?www.dytt89.com]?aDèμ?óü-2020_HD?Dó￠??×?.mp4,,
2021?ê?D1ú?????ˉ×÷·?×???????°?DD?ˉ??μ·??è????·HD1úó??D×?,https://www.dy2018.com/i/103136.html,magnet:?xt=urn:btih:fd429e7ab9a9ce7d4111fe825eec48e70073da3a&dn=[μ?ó°ììì?www.dytt89.com]??°?DD?ˉ??μ·??è???-2021_HD1úó??D×?.mp4,,
2021?ê?à1ú6.0·??°???ˉ?-????òùòe?à￡oáú???ê?·BD?Dó￠??×?,https://www.dy2018.com/i/103121.html,magnet:?xt=urn:btih:189a615abd766eeb340884db7437ac54500636d2&dn=[μ?ó°ììì?www.dytt89.com]òùòe?à￡oáú???ê-2021_BD?Dó￠??×?.mp4,,
2020?ê?·?à?ˉ×÷??2à???????Dò?ó°?·BD?D×?,https://www.dy2018.com/i/103099.html,magnet:?xt=urn:btih:fa7dfc0efe29c654b1b849eec54a757ac26c7629&dn=[μ?ó°ììì?www.dytt89.com]???Dò?ó°-2020_BD?D×?.mp4,,
2020?ê?à1ú?ˉ×÷?????èêê???·BD?D×?,https://www.dy2018.com/i/103084.html,magnet:?xt=urn:btih:7933541a0f347f891254f652b2d6313ac4358f79&dn=[μ?ó°ììì?www.dytt89.com]?èêê??-2020_BD?D×?.mp4,,
2021?ê1ú2ú?ˉ×÷???????ˉ??à¤￡o????·??t?·HD1úó??D×?,https://www.dy2018.com/i/103061.html,magnet:?xt=urn:btih:5491a0b2781e97da28a7d696b70a1ba2df5ccc81&dn=???ˉ??à¤￡o????·??t-2021_HD1úó??D×?.mp4,,
2021?ê?à1ú?ˉ×÷??????????è??¤???·HD?D×?,https://www.dy2018.com/i/103059.html,magnet:?xt=urn:btih:adfd00dacac53408f83740582415086c8537c18b&dn=??è??¤??-2021_HD?D×?.mp4,,
2020?ê?à1ú6.8·??ˉ×÷?°??????êà??D????·BD?Dó￠??×?,https://www.dy2018.com/i/103054.html,magnet:?xt=urn:btih:8f1aa79e887bbecb116c6277b81357676d30f5fb&dn=[μ?ó°ììì?www.dytt89.com]êà??D???-2020_BD?Dó￠??×?.mp4,,,
2019?ê?à1ú?ˉ×÷·?×??????2?ùé±?ú?·BD?D×?,https://www.dy2018.com/i/103019.html,magnet:?xt=urn:btih:1c577fa3cb4f71c1045348ecf9324ecbd2afedbd&dn=[μ?ó°ììì?www.dytt89.com]?2?ùé±?ú-2019_BD?D×?.mp4,,,
2020?ê?à1ú6.8·??ˉ×÷????áìD???×??·BD?Dó￠??×?,https://www.dy2018.com/i/103002.html,magnet:?xt=urn:btih:bf36bb9d89f2cc66591f6c23636dda7570f5ee7b&dn=[μ?ó°ììì?www.dytt89.com]áìD???×?-2020_BD?Dó￠??×?.mp4,,,
2020?ê1ú2ú6.5·????é????3y±??·HD1ú?á??ó??D×?,https://www.dy2018.com/i/102996.html,magnet:?xt=urn:btih:fc6ea3fa44e1b091c2277602911b14cba71debfd&dn=[μ?ó°ììì?www.dytt89.com]3y±?-2020_HD1ú?á??ó??D×?.mp4,,,
2020?ê?à1ú?2???ˉ×÷????è???D?ó￠D??·BD?D×?,https://www.dy2018.com/i/102958.html,magnet:?xt=urn:btih:4c260cff4c5928282200c31dcbf94fb83cd2c791&dn=è???D?ó￠D?-2020_BD?D×?.mp4,,,
2020?êo?1ú?2???ˉ×÷????1ú?ê??2é?·BDo?ó??D×?,https://www.dy2018.com/i/102946.html,magnet:?xt=urn:btih:b509925e3c065ab2cf9b83c8c2e1364c5e8da1e9&dn=[μ?ó°ììì?www.dytt89.com]1ú?ê??2é-2020_BDo?ó??D×?.mp4,,,
2020?ê1ú2ú3éáú???ó°??×?ˉ×÷?????±?è·??·BD1ú?á??ó??D×?,https://www.dy2018.com/i/102682.html,magnet:?xt=urn:btih:953e84656708d4dffad2c859626b2ae1e0973387&dn=[μ?ó°ììì?www.dytt89.com]?±?è·?-2020_BD1ú?á??ó??D×?.mp4,"magnet:?xt=urn:btih:3056b61557ee380417fedaea4bf0ea6949a53c00&dn=[μ?ó°ììì?www.dytt89.com]?±?è·?HD1úó??D×?.mp4","magnet:?xt=urn:btih:4aaca839c4dda7c6996210ac29f78de748140a45&dn=[μ?ó°ììì?www.dytt89.com]?±?è·?HD?áó??D×?.mp4",
2020?ê?à1ú?ˉ×÷????áy?D?·êT?·BD?Dó￠??×?,https://www.dy2018.com/i/102920.html,magnet:?xt=urn:btih:cb642922d6c9d10c32d396df73be7a73abdb0678&dn=áy?D?·êT-2020_BD?Dó￠??×?.mp4,,,
2020?êo?1ú?ˉ×÷????áú???ó￡o?T?é??êD?·BDo?ó??D×?,https://www.dy2018.com/i/102905.html,magnet:?xt=urn:btih:b8c07c0150bb1ea28b3700503baa3af778dd1cab&dn=áú???ó￡o?T?é??êD-2020_BDo?ó??D×?.mp4,,,
2020?ê?à1ú?ˉ×÷????ò?è??üí??·BD?Dó￠??×?,https://www.dy2018.com/i/102901.html,magnet:?xt=urn:btih:e5e6abcfbeae4c3a310d69c62ea9a3a26715076e&dn=[μ?ó°ììì?www.dytt89.com]ò?è??üí?-2020_BD?Dó￠??×?.mp4,,,
2019?ê·¨1ú7.2·??ˉ×÷·?×?????3?êDá?è??·BD·¨ó??D×?DT?′,https://www.dy2018.com/i/101040.html,magnet:?xt=urn:btih:5538d305a8d694da86a5d425708371ab2128e49a&dn=3?êDá?è?-2019_BD·¨ó?.mp4,"magnet:?xt=urn:btih:6bc8d56fc44920d0f7f8d712630e62cac05880c1&dn=3?êDá?è?BD·¨ó?[μ?ó°ììì?www.dy2018.com].mp4",,
2020?ê1ú2ú6.2·????é????ìóóüD?μü?·HD1úó??D×?,https://www.dy2018.com/i/102879.html,magnet:?xt=urn:btih:4dc2454271f308ebc82542ba13da7eee4b511604&dn=[μ?ó°ììì?www.dytt89.com]ìóóüD?μü-2020_BD1ú?á??ó??D×?.mp4,"magnet:?xt=urn:btih:eba924952fe9fd95f6262097ebf81ecb28993fda&dn=[μ?ó°ììì?www.dytt89.com]ìóóüD?μü-2020_HD1úó??D×?.mp4",,
2020?ê?à1ú?ˉ×÷????????è??ì1????·BD?Dó￠??×?,https://www.dy2018.com/i/102866.html,magnet:?xt=urn:btih:9efe6fb5cd1e403d8f63e3e6019b0e8ca79f1922&dn=[μ?ó°ììì?www.dytt89.com]è??ì1???-2020_BD?Dó￠??×?.mp4,,,
2018?ê°í?ù?1ì1???ù????°??èD?D??·HD?ú????ó??D×?,https://www.dy2018.com/i/102847.html,magnet:?xt=urn:btih:e38f28f2d6e1ac4a2a8aef15df71e84168c05b34&dn=[μ?ó°ììì?www.dytt89.com]°??èD?D?HD?ú????ó??D×?.mp4,,,
2020?ê1ú2ú?ˉ×÷???????????ù?ào?í???′óê￥?T???·HD1úó??D×?,https://www.dy2018.com/i/102844.html,magnet:?xt=urn:btih:cc26b83245027355848cdaac1350cc4861b6027d&dn=[μ?ó°ììì?www.dytt89.com]???ù?ào?í???′óê￥?T??HD1úó??D×?.mp4,,,
2020?ê?ó??′ó?ˉ×÷?a?¤????íòμ??·BD?Dó￠??×?,https://www.dy2018.com/i/102842.html,magnet:?xt=urn:btih:9018aab36aff3314aff3ec09fd54a3cfc66469ca&dn=[μ?ó°ììì?www.dytt89.com]íòμ?BD?Dó￠??×?.mp4,,,
2020?ê?à1ú?ˉ×÷·?×??????á?eóa?è?·BD?Dó￠??×?,https://www.dy2018.com/i/102841.html,magnet:?xt=urn:btih:41eaeede530d8f875831b699cc5fd7d11bf56046&dn=[μ?ó°ììì?www.dytt89.com]?á?eóa?èBD?Dó￠??×?.mp4,,,
2020?ê1ú2úo??y?ˉ×÷?????ò??óà2????ú?·BD1úó??D×?,https://www.dy2018.com/i/102840.html,magnet:?xt=urn:btih:45ae8c2eb05bbff86e0e97d7debf1866f31c8e3e&dn=[μ?ó°ììì?www.dytt89.com]?ò??óà2????úBD1úó??D×?.mp4,,,
2019?ê3éáú?ˉ×÷????????áú???????·BD1úó￠??ó??Dó￠??×?,https://www.dy2018.com/i/101231.html,magnet:?xt=urn:btih:a07a71aa3ab251c669ec02cd49bffc1edf90d72f&dn=[μ?ó°ììì?www.dytt89.com]áú??????BD1úó￠??ó??Dó￠??×?.mp4,"magnet:?xt=urn:btih:58383703ada0f34ec1fccee1e59fc403cb193720&dn=[μ?ó°ììì?www.dytt89.com]áú??????BD?D×?.mp4","magnet:?xt=urn:btih:c0efbcbd1248936e678bc13074a793071ec2b5ea&dn=áú??????-2019_HD1úó??D×?.mp4","magnet:?xt=urn:btih:77c6263afc51e0b2dfdadb8c9fbeed59283bbc4b&dn=[μ?ó°ììì?www.dy2018.com]áú??????HD1úó??D×?.mkv"
2020?ê?·?à7.8·??ˉ×÷????????D?ì??·BD1úó￠??ó??Dó￠??×?,https://www.dy2018.com/i/102785.html,magnet:?xt=urn:btih:9d0595e2d636415e19732b9ab2c043424587ed58&dn=[μ?ó°ììì?www.dytt89.com]D?ì?BD1úó￠??ó??Dó￠??×?.mkv,"magnet:?xt=urn:btih:b046696ff84e3ed9f97c0d76468dfaa9bbb3d634&dn=[μ?ó°ììì?www.dytt89.com]D?ì?HD?D×?.mp4",,
2020?êo?1ú?ˉ×÷????±￡?ú?·BDo?ó??D×?,https://www.dy2018.com/i/102822.html,magnet:?xt=urn:btih:98d0eb158969a0911d184f85654bcd95a633d2e9&dn=[μ?ó°ììì?www.dytt89.com]±￡?úBDo?ó??D×?.mp4,,,
2020?ê?D1ú????3?1úà¤?ˉ×÷????è-μà?·HD1úó??D×?,https://www.dy2018.com/i/102773.html,magnet:?xt=urn:btih:3272c74416c2edb76a552ba1c2daa00fd6395936&dn=[μ?ó°ììì?www.dytt89.com]è-μàHD1úó??D×?.mp4,,,
2019?ê?·?à6.1·??ˉ×÷àúê·?????±ó￥??μ?áè?e?·BD?Dó￠??×?,https://www.dy2018.com/i/102750.html,magnet:?xt=urn:btih:d42bd9566a85be2f255840c919c3456a2a701eba&dn=[μ?ó°ììì?www.dytt89.com]?±ó￥??μ?áè?eBD?Dó￠??×?.mp4,,,
2020?ê?·?à?2???ˉ×÷????×·é±??à?μù?·BD?Dó￠??×?,https://www.dy2018.com/i/102740.html,magnet:?xt=urn:btih:66f8dbdc75cade828e93f37e086ff5d62c9498d7&dn=[μ?ó°ììì?www.dytt89.com]×·é±??à?μùBD?Dó￠??×?.mp4,,,
2020?ê?à1ú?ˉ×÷?????òê??′3e??2?·BD?D×?,https://www.dy2018.com/i/102738.html,magnet:?xt=urn:btih:df84a5cf782b0faca74d6096b244e783bdfc8890&dn=[μ?ó°ììì?www.dytt89.com]?òê??′3e??2BD?D×?.mp4,,,
2020?ê?à1ú?ˉ×÷????????èáμàé·D??·BD?Dó￠??×?,https://www.dy2018.com/i/102718.html,magnet:?xt=urn:btih:66c1221e4eddb519a812789e982ac8ccf957c3b7&dn=[μ?ó°ììì?www.dytt89.com]èáμàé·D?BD?Dó￠??×?.mp4,,,
2019?ê?à1ú?ˉ×÷???ù????oí???·BD?Dó￠??×?,https://www.dy2018.com/i/102710.html,magnet:?xt=urn:btih:3e57d0bc7f6c0a78f1cd0ba5faf4a3cc04a8e74a&dn=[μ?ó°ììì?www.dytt89.com]oí??BD?Dó￠??×?.mp4,,,
2020?êo?1ú?ˉ×÷?a?¤?????aé?DD2￡o°?μo?·BDo?ó??D×?,https://www.dy2018.com/i/102333.html,magnet:?xt=urn:btih:8a9909648b168e3db914e64cb34f7b9dfefd93f9&dn=[μ?ó°ììì?www.dytt89.com]?aé?DD2￡o°?μoBDo?ó??D×?.mp4,"magnet:?xt=urn:btih:b4a24d34011be22528d545d97b4018d6271b8d39&dn=[μ?ó°ììì?www.dytt89.com]?aé?DD2￡o°?μoHDo?ó??D×?.mp4",,
2019?ê?à1ú?ˉ×÷????????μ?óü?D??￡o?a?êoóáè?e?·BD?Dó￠??×?,https://www.dy2018.com/i/100975.html,magnet:?xt=urn:btih:5aaaa0869598a13c5206e0e9762aff97531845ec&dn=μ?óü?D??￡o?a?êoóáè?e-2019_BD?Dó￠??×?.mp4,"magnet:?xt=urn:btih:ae90c8d268c1b6e37695e190efdc7e815847e05e&dn=μ?óü?D??￡o?a?êoóáè?e-2019_HDo?°??Dó￠??×?.mp4","magnet:?xt=urn:btih:cdf49263ce6ea156c5095c65cb9532a57934f06d&dn=μ?óü?D??￡o?a?êoóáè?eBD?Dó￠??×?[μ?ó°ììì?www.dy2018.com].mp4",
2020?ê?à1ú??????2à????D?±???è??·BD?D×?,https://www.dy2018.com/i/102668.html,magnet:?xt=urn:btih:c1fe5a4517d4ffaf6bd1c4b506a3d0d65dc8bb1a&dn=[μ?ó°ììì?www.dytt89.com]D?±???è?BD?D×?.mp4,,,
2020?ê?D?ào????ˉ×÷??á?òà·?°????¨??à??·BD1úó￠??ó??Dó￠??×?,https://www.dy2018.com/i/102649.html,magnet:?xt=urn:btih:6113eaabc5cfb4350c75cc8918a361834814c6e4&dn=[μ?ó°ììì?www.dytt89.com]?¨??à?BD1úó￠??ó??Dó￠??×?.mp4,"magnet:?xt=urn:btih:65ccc19b77f1b0f4b559a19785c1303177ff7f52&dn=[μ?ó°ììì?www.dytt89.com]?¨??à?BD?Dó￠??×?.mp4"
2017?êo?1ú7.7·??ˉ×÷·?×?????í????·BDo?ó??D×?,https://www.dy2018.com/i/102635.html,magnet:?xt=urn:btih:dc8e4daf741a445daf259d1e8de4663a064554ab&dn=[μ?ó°ììì?www.dytt89.com]í???BDo?ó??D×?.mp4,
2020?ê?·?à?ˉ×÷/?a?¤???????ü?ù?ú?·BD?D×?,https://www.dy2018.com/i/102614.html,magnet:?xt=urn:btih:d3868593d4b58c22d84cae20ac7fdaf01551d8ca&dn=[μ?ó°ììì?www.dytt89.com]???ü?ù?úBD?D×?.mp4,
2019?ê?·?à??????2à?????yò?μ?×óμˉ?·BD?Dó￠??×?,https://www.dy2018.com/i/102608.html,magnet:?xt=urn:btih:85635de29d21449cffcb43eddd9ae14d4b247146&dn=[μ?ó°ììì?www.dytt89.com]?yò?μ?×óμˉBD?Dó￠??×?.mp4,
2019?ê?à1ú?ˉ×÷????????μú??′?êà??′ó???·BD?Dó￠??×?,https://www.dy2018.com/i/102598.html,magnet:?xt=urn:btih:6ec5d1baf74ab6ed01a97d872602c127f8533c9c&dn=[μ?ó°ììì?www.dytt89.com]μú??′?êà??′ó??BD?Dó￠??×?.mp4,
2020?ê?à1ú?ˉ×÷????·àμˉ2?·BD?D×?,https://www.dy2018.com/i/102595.html,magnet:?xt=urn:btih:349a16fb78b37fd71d90ab48623440c6e7d4a1d9&dn=[μ?ó°ììì?www.dytt89.com]·àμˉ2BD?D×?.mp4,
2020?ê?à1ú?ˉ×÷????????òìD??§1?￡o?a?Dμo?·BD?D×?,https://www.dy2018.com/i/102594.html,magnet:?xt=urn:btih:3e1bb2139811cde40829bd13209b1aad97a87e1e&dn=[μ?ó°ììì?www.dytt89.com]òìD??§1?￡o?a?DμoBD?D×?.mp4,
2020?ê?à1ú?ˉ×÷·?×???????oíêD?·BD?D×?,https://www.dy2018.com/i/102593.html,magnet:?xt=urn:btih:6a0c980ef0b84d904f4c4da7def7eb38e806bd5f&dn=[μ?ó°ììì?www.dytt89.com]GeHouêDBD?D×?.mp4,
2020?ê?à1ú?ˉ×÷?????￠μ¨o·???·BD?D×?,https://www.dy2018.com/i/102578.html,magnet:?xt=urn:btih:0345306b04245fb7acc91580e99b4a377df2e0cd&dn=[μ?ó°ììì?www.dytt89.com]?￠μ¨o·??BD?D×?.mp4,
2019?ê?D1ú???????ú?ˉ×÷?????òêà?¤±|?·BD1ú?á??ó??D×?,https://www.dy2018.com/i/102566.html,magnet:?xt=urn:btih:155d573428dd75e8632a5032afdcee3884a27c1b&dn=[μ?ó°ììì?www.dytt89.com]?òêà?¤±|BD1ú?á??ó??D×?.mp4,
2019?êó￠1úòa′óà??ˉ×÷?a?¤?????13èD°?μ?·BD?D×?,https://www.dy2018.com/i/102553.html,magnet:?xt=urn:btih:8eab6be98abab403f633005703602cec0820767d&dn=[μ?ó°ììì?www.dytt89.com]?13èD°?μBD?D×?.mp4,
2020?ê?à1ú?ˉ×÷·?×?????μ1êy×·?ê?·BD?Dó￠??×?,https://www.dy2018.com/i/102542.html,magnet:?xt=urn:btih:92230c1b347adaa3e5f2cbe70e5f845cf89145a2&dn=[μ?ó°ììì?www.dytt89.com]μ1êy×·?êBD?Dó￠??×?.mp4,
2020?ê?à1ú?ˉ×÷????í?è??àí?2?·BD?Dó￠??×?,https://www.dy2018.com/i/102516.html,magnet:?xt=urn:btih:11418fcb6ed91dee81df5aa8147294af53efa48a&dn=[μ?ó°ììì?www.dytt89.com]í?è??àí?2BD?Dó￠??×?.mp4,
2020?ê?à1ú?ˉ×÷?a?¤?????′??è??·BD?Dó￠??×?,https://www.dy2018.com/i/102514.html,magnet:?xt=urn:btih:ef9f7886606a7c151388fc93e60bc7e4a5515ec6&dn=[μ?ó°ììì?www.dytt89.com]?′??è?BD?Dó￠??×?.mp4,
2019?ê?à1ú6.1·??ˉ×÷·?×????????üòé???·BD?D×?,https://www.dy2018.com/i/102504.html,magnet:?xt=urn:btih:2e9ece9ffdbb7a187e06418add2c1b33ff584cca&dn=[μ?ó°ììì?www.dytt89.com]???üòé??BD?D×?.mp4,
2020?ê1ú2ú6.4·??????ˉ?-?????÷DD?í???ù???ò???·BD1ú?á??ó??D×?,https://www.dy2018.com/i/102501.html,magnet:?xt=urn:btih:c43602055298f0d96cc9b8b5e71f7c78df92cf34&dn=[μ?ó°ììì?www.dytt89.com]?÷DD?í???ù???ò??BD1ú?á??ó??D×?.mp4,
2019?êè?±?7.6·??2???ˉ?-?????3°?èyêà The First?·BDè?ó??D×?,https://www.dy2018.com/i/102445.html,magnet:?xt=urn:btih:ff4f7c4aaf6686f25da82dee6c53278dca4103b0&dn=[μ?ó°ììì?www.dytt89.com]?3°?èyêàBDè?ó??D×?.mp4,
2019?êó￠1ú6.3·??2??????á??D?Do￠?·BD?Dó￠??×?,https://www.dy2018.com/i/102428.html,magnet:?xt=urn:btih:bb672661c2d34c64eb1f7fb6076ac7bd321d9fe5&dn=[μ?ó°ììì?www.dytt89.com]á??D?Do￠BD?Dó￠??×?.mp4,
2020?ê?à1ú?2???????????¨1·′ó??3￡o×|×|?ˉ?á￡??·BD?D×?,https://www.dy2018.com/i/102411.html,magnet:?xt=urn:btih:b8d790e684c00182f830fe819542bc488e8074d5&dn=[μ?ó°ììì?www.dytt89.com]?¨1·′ó??3￡o×|×|?ˉ?áBD?D×?.mp4,
2018?ê?ó??′ó5.9·??ˉ×÷??????1a?????·HD?Dó￠??×?,https://www.dy2018.com/i/102407.html,magnet:?xt=urn:btih:e08c97a6a504a90210e693f9064c46458f35f411&dn=[μ?ó°ììì?www.dytt89.com]??1a????HD?Dó￠??×?.mp4,
2020?êo?1ú7.4·??ˉ×÷·?×?????′óD°???D?ü?è?ò?·BDo?ó??D×?,https://www.dy2018.com/i/102392.html,magnet:?xt=urn:btih:6190909b6afd43648a044e51e955eb58cb75b11f&dn=[μ?ó°ììì?www.dytt89.com]′óD°???D?ü?è?òBDo?ó??D×?.mp4,
2020?ê1ú2úDí?y′??2????????±±íùê?￡o?ò?Dá?o￡?ù?·HD1úó??D×?,https://www.dy2018.com/i/102381.html,magnet:?xt=urn:btih:6931dcde9edc15df268754ef69c79f14a7d02338&dn=[μ?ó°ììì?www.dytt89.com]??±±íùê?￡o?ò?Dá?o￡?ùHD1úó??D×?.mp4,
2020?êó￠1ú??·??ˉ×÷???ù?????àμá?·BD?Dó￠??×?,https://www.dy2018.com/i/102343.html,magnet:?xt=urn:btih:968a75551a443c6887d97c2ca2d96e82b4de9f68&dn=[μ?ó°ììì?www.dytt89.com]?àμáBD?Dó￠??×?.mp4,
2020?ê?à1ú6.3·??ˉ×÷?ˉ?-????3?è?￡o?÷è???×ó?·BD?Dó￠??×?,https://www.dy2018.com/i/102339.html,magnet:?xt=urn:btih:f996b37bfd8585a8aff48cdd4c8effe8ecfd8f2e&dn=[μ?ó°ììì?www.dytt89.com]3?è?￡o?÷è???×óBD?Dó￠??×?.mp4,
2020?ê?à1ú?ˉ×÷?a?¤?????ü1è?′3eò1?·BD?Dó￠??×?,https://www.dy2018.com/i/102337.html,magnet:?xt=urn:btih:3ac128bcd6dc16aa0dbefa8f6d85e781c6402049&dn=[μ?ó°ììì?www.dytt89.com]?ü1è?′3eò1BD?Dó￠??×?.mp4,
2020?ê?à1ú?ˉ×÷·?×?????°?íT?·BD?Dó￠??×?,https://www.dy2018.com/i/102334.html,magnet:?xt=urn:btih:a21dcc23831d1e6039ebbbb469c1446757d1fef1&dn=[μ?ó°ììì?www.dytt89.com]°?íTBD?Dó￠??×?.mp4,
2020?ê1ú2úoú?üóà?D?ˉ×÷°??é????é?o￡í?2?·HD1úó??D×?,https://www.dy2018.com/i/102332.html,magnet:?xt=urn:btih:e8f037e725c1898699c9ca3364625c6b09569c02&dn=[μ?ó°ììì?www.dytt89.com]é?o￡í?2HD1úó??D×?.mp4,
2019?ê?D1ú?????ˉ×÷????×?è?μ?è-í·?·BD1ú?á??ó??D×?,https://www.dy2018.com/i/102327.html,magnet:?xt=urn:btih:a3a248fea3ffc08c165c0b441ed729e550091973&dn=[μ?ó°ììì?www.dytt89.com]×?è?μ?è-í·BD1ú?á??ó??D×?.mp4,
2019?êó??è?á?÷???ˉ×÷????????éáμ????à??′?à-?·BD?D×?,https://www.dy2018.com/i/102324.html,magnet:?xt=urn:btih:5816e640d43eac1fbe14346a5ee85a6381f0ef73&dn=[μ?ó°ììì?www.dytt89.com]éáμ????à??′?à-BD?D×?.mp4,
2020?ê?à1ú?2???ˉ×÷????óa?èà?°?à??è?·BD?D×?,https://www.dy2018.com/i/102316.html,magnet:?xt=urn:btih:59b109fbc2b0c1706f60e4a100aeaf824ad35bbf&dn=[μ?ó°ììì?www.dytt89.com]óa?èà?°?à??èBD?D×?.mp4,
2019?ê1ú2ú?ˉ×÷???????ùìú?í?ò?·BD1ú?á??ó??D×?,https://www.dy2018.com/i/102315.html,magnet:?xt=urn:btih:a537183737b2df36039f82dee492cfdd057f1ffd&dn=[μ?ó°ììì?www.dytt89.com]???ùìú?í?òBD1ú?á??ó??D×?.mp4,,,,,,,
2017?êo?1ú8.2·??ˉ×÷????ìúóê?·BDo?ó??D×?,https://www.dy2018.com/i/98946.html,"magnet:?xt=urn:btih:0ebf4cdcbb4f9f7798934095d5f1c7b88216f587&dn=[μ?ó°ììì?www.dytt89.com]ìúóêBDo?ó??D×?.mp4","magnet:?xt=urn:btih:EU465P2PHW2D5MNGQDZZMCJG2IFCKORK&dn=[μ?ó°ììì?www.dy2018.com]ìúóêHDo?ó??D×?.mp4","magnet:?xt=urn:btih:2c1e7115d06d42877ef96124c754fa88102cd7d5&dn=ìúóê_HDo?ó??D×?.mp4",,,,,
2019?ê?à1ú6.4·????????????1à-2￡o1?êT??í??·BD1úó￠??ó???×?,https://www.dy2018.com/i/101057.html,magnet:?xt=urn:btih:26a27b3366961b9311e006045ed2818237204e7c&dn=[μ?ó°ììì?www.dytt89.com]???1à-2￡o1?êT??í?BD1úó￠??ó??Dó￠??×?.mp4,"magnet:?xt=urn:btih:3364494af7d28afbb799236777de4746ff50ed4a&dn=[μ?ó°ììì?www.dy2018.com]???1à-2￡o1?êT??í?BD?Dó￠??×?.mp4","magnet:?xt=urn:btih:fc12e1a42dd44e069e606296fb8c549d98a4ce3a&dn=[μ?ó°ììì?www.dy2018.com]???1à-2￡o1?êT??í?HDo?°??D×?.mp4","magnet:?xt=urn:btih:542183fe0a345882caf569eff6d4dfc10cae9b16&dn=???1à-2￡o1?êT??í?-2019_BD?Dó￠??×?.mp4","magnet:?xt=urn:btih:442fb06f115bbed0a2e04adcf775bc6a921ba9af&dn=???1à-2￡o1?êT??í?-2019_HDo?°??D×?.mp4",,,
2020?êóà??à??ˉ×÷????????1????èéú?·HD1úó??D×?,https://www.dy2018.com/i/102310.html,magnet:?xt=urn:btih:bd9a080046b9d354c5e623be2b08ea1cd4e2ce47&dn=[μ?ó°ììì?www.dytt89.com]1????èéúHD1úó??D×?.mp4,,,,,,,
2019?êè?±?8.3·??????ˉ?-???????T?×???·BDè?ó??D×?,https://www.dy2018.com/i/102306.html,magnet:?xt=urn:btih:39123c9171c9b2a28c0ebf8099bf0056ebd41acc&dn=[μ?ó°ììì?www.dytt89.com]???T?×??BDè?ó??D×?.mp4,,,,,,,
2020?ê?à1ú?ˉ×÷????è??ò??°2?·BD?D×?,https://www.dy2018.com/i/102281.html,magnet:?xt=urn:btih:11151b90ac687b59f115c7e3434173871a141012&dn=[μ?ó°ììì?www.dytt89.com]è??ò??°2BD?D×?.mp4,,,,,,,
2020?ê?·?à6.2·??ˉ×÷·?×?????3á???·BD?Dó￠??×?,https://www.dy2018.com/i/102271.html,magnet:?xt=urn:btih:00154f635ed58e0b4a03319884dd5a075e7652ff&dn=[μ?ó°ììì?www.dytt89.com]3á??BD?Dó￠??×?.mp4,,,,,,,
2019?êè?±?7.6·??ˉ×÷????èè?a????μ?ó°°?￡o????í??·BDè?ó??D×?,https://www.dy2018.com/i/102261.html,magnet:?xt=urn:btih:6354b409c440f790532a3d059bc8f8385517e8d0&dn=[μ?ó°ììì?www.dytt89.com]èè?a????μ?ó°°?￡o????í?BDè?ó??D×?.mp4,,,,,,,
2020?êo?1ú5.8·??ˉ×÷????????#??×??·HDo?ó??D×?,https://www.dy2018.com/i/102259.html,magnet:?xt=urn:btih:dc42f988079fa8d782df8458a7cbc5eee44fca91&dn=[μ?ó°ììì?www.dytt89.com]??×?HDo?ó??D×?.mp4,,,,,,,
2020?ê?à1ú??????2à????é?o￡???è3?·BD?D×?,https://www.dy2018.com/i/102247.html,magnet:?xt=urn:btih:37396690a2962b4bf3a397e903ff9391f633b887&dn=[μ?ó°ììì?www.dytt89.com]é?o￡???è3BD?D×?.mp4,,,,,,,
2020?êá??ü?ao?èó???ˉ×÷?????????÷í??·HD1úó??D×?,https://www.dy2018.com/i/102238.html,magnet:?xt=urn:btih:8af5648e951100adb631bdf7b7e182290362e1fd&dn=[μ?ó°ììì?www.dytt89.com]?÷í?HD1úó??D×?.mp4,,,,,,,
2019?êè?±??ˉ×÷?a?¤????o???òá′μ?·BDè?ó??D×?,https://www.dy2018.com/i/102235.html,magnet:?xt=urn:btih:893355635265a4eac2f7d56c42f8aee533b01a09&dn=[μ?ó°ììì?www.dytt89.com]o???òá′μBDè?ó??D×?.mp4,,,,,,,
2018?êμ?1ú?ˉ×÷·?×?????1?á￠?·BD?Dó￠??×?,https://www.dy2018.com/i/102211.html,magnet:?xt=urn:btih:e48462838bcda1dab65a654fb6e425ed394d7b13&dn=[μ?ó°ììì?www.dytt89.com]1?á￠BD?Dó￠??×?.mp4,,,,,,,
2020?ê?à1ú6.4·??ˉ×÷????????óàéúê??à?·BD?D×?,https://www.dy2018.com/i/102201.html,magnet:?xt=urn:btih:1cf78c164e8abbbff7a9f05edafd853ed7f3a46a&dn=[μ?ó°ììì?www.dytt89.com]óàéúê??àBD?D×?.mp4,,,,,,,
2018?ê?à1ú5.3·??ˉ×÷????ò??ˉ??1?3￡o?àí??aò??·BD1úó￠??ó??D×?,https://www.dy2018.com/i/99261.html,magnet:?xt=urn:btih:ZCGPKLOXELRHEN6EBE4VLXJKALLUTOFC&dn=[μ?ó°ììì?www.dy2018.com]ò??ˉ??1?3￡o?àí??aò?HDo?°??D×?.mp4,"ftp://d:d@dygodj8.com:12311/[μ?ó°ììì?www.dy2018.com]ò??ˉmi1?3￡o?àí??aò?HDo?°??D×?.mp4","magnet:?xt=urn:btih:GZXGSDTKPTCBA6IX5R77KIRPRQXCHAGX&dn=[μ?ó°ììì?www.dy2018.com]ò??ˉ??1?3￡o?àí??aò?BD?Dó￠??×?.mp4","ftp://d:d@a.dygodj8.com:12322/[μ?ó°ììì?www.dy2018.com]ò??ˉ??1?3￡o?àí??aò?BD?Dó￠??×?.mp4","magnet:?xt=urn:btih:BQS33H4NQDBERSIMOOETJ3PBJ73RXK7O&dn=[μ?ó°ììì?www.dy2018.com]ò??ˉ??1?3￡o?àí??aò?BD1úó￠??ó??Dó￠??×?.mp4","ftp://d:d@a.dygodj8.com:12322/[μ?ó°ììì?www.dy2018.com]ò??ˉ??1?3￡o?àí??aò?BD1úó￠??ó??Dó￠??×?.mp4","magnet:?xt=urn:btih:2b938fda236259c5f19416f4d027d72559b65056&dn=ò??ˉ??1?3￡o?àí??aò?_BD1úó￠??ó??Dó￠??×?.mp4","magnet:?xt=urn:btih:f409511db3c4b6e3bc05610adf3d8cf26587a776&dn=[μ?ó°ììì?www.dytt89.com]ò??ˉ??1?3￡o?àí??aBD1úó￠??ó??Dó￠??×?DT?y°?.mp4"
2019?êoéà??ˉ×÷?????????ù?e×′ì??·BD?Dó￠??×?,https://www.dy2018.com/i/102160.html,magnet:?xt=urn:btih:cdb458c1e7572a7d25816036991ee7251decd743&dn=[μ?ó°ììì?www.dytt89.com]?ù?e×′ì?BD?Dó￠??×?.mp4,,,,,,,
1995?ê?à1ú8.5·??ˉ×÷·?×?????μá?e???·BD1úó￠??ó??Dó￠??×?,https://www.dy2018.com/i/20090525/19102.html,magnet:?xt=urn:btih:3d42fd31b3b5acbc987874894f0e2d38c32b41d6&dn=[μ?ó°ììì?www.dytt89.com]μá?e??BD1úó￠??ó??Dó￠??×?.mp4,,,,,,,
2020?ê?·?à5.7·??ˉ×÷????????3??ü×·???·BD?D×?,https://www.dy2018.com/i/102132.html,magnet:?xt=urn:btih:3e5b25a438ec2db351e4cccc3069ad19aba87079&dn=[μ?ó°ììì?www.dytt89.com]3??ü×·??BD?D×?.mp4,,,,,,,
2020?ê?à1ú?ˉ×÷???é????×?è???á|?·BD?Dó￠??×?,https://www.dy2018.com/i/102126.html,magnet:?xt=urn:btih:b035c176894d6d6b01d0bffc93441cae03a77436&dn=[μ?ó°ììì?www.dytt89.com]×?è???á|BD?Dó￠??×?.mp4,,,,,,,
2020?ê?à1ú5.0·??ˉ×÷????ì???è?2?·BD?Dó￠??×?,https://www.dy2018.com/i/102124.html,magnet:?xt=urn:btih:a9a4ddef03fe486665f7e96fe392438969ced17c&dn=[μ?ó°ììì?www.dytt89.com]ì???è?2BD?Dó￠??×?.mp4,,,,,,,
2020?ê·¨1ú?ˉ×÷????×??¤×óμˉ?·BD?D×?,https://www.dy2018.com/i/102116.html,magnet:?xt=urn:btih:4a5de45364c4b65bfaee560fed44475ef2750ff2&dn=[μ?ó°ììì?www.dytt89.com]×??¤×óμˉBD?D×?.mp4,,,,,,,
2020?ê·¨1ú±èà?ê±4.7·??ˉ×÷?????aíá?·BD?D×?,https://www.dy2018.com/i/102102.html,magnet:?xt=urn:btih:1693a5decfb92fc8751cf11a8f581d105c008f99&dn=[μ?ó°ììì?www.dytt89.com]?aíáBD?D×?.mp4,,,,,,,
2020?ê?ó??′ó?2???ˉ×÷????o￡?à2??á2?·BD?Dó￠??×?,https://www.dy2018.com/i/102095.html,magnet:?xt=urn:btih:768b62664d5bc744c67c11c39299211e2cfe6616&dn=[μ?ó°ììì?www.dytt89.com]o￡?à2??á2BD?Dó￠??×?.mp4,,,,,,,
2020?ê?à1ú5.1·??ˉ×÷?a?¤?????ò2?o?è??·BD?Dó￠??×?,https://www.dy2018.com/i/102080.html,magnet:?xt=urn:btih:efaaf729a693dc7b12d32c492a13326e2a807fc6&dn=[μ?ó°ììì?www.dytt89.com]?ò2?o?è?BD?Dó￠??×?.mp4,,,,,,,
2020?ê?à1ú5.5·??ˉ×÷???????÷??ó￠￡o???··′?÷?·BD?Dó￠??×?,https://www.dy2018.com/i/102079.html,magnet:?xt=urn:btih:f438f051b14ffa4d2ef2b379763d3f39aefe1bc7&dn=[μ?ó°ììì?www.dytt89.com]???÷??ó￠￡o???··′?÷BD?Dó￠??×?.mp4,,,,,,,
2019?ê????5.7·??ˉ×÷?????t·??·BD?D×?,https://www.dy2018.com/i/102074.html,magnet:?xt=urn:btih:68985f9de3298c373753530e515b05d6009ce1a3&dn=[μ?ó°ììì?www.dytt89.com]?t·?BD?D×?.mp4,,,,,,,
2020?ê?à1ú3.8·??ˉ×÷?a?¤????3¤ò1?￡?ú?·BD?Dó￠??×?,https://www.dy2018.com/i/102059.html,magnet:?xt=urn:btih:c148b06ef662b59f9cd9b48282f98be5000dbf54&dn=[μ?ó°ììì?www.dytt89.com]3¤ò1?￡?úBD?Dó￠??×?.mp4,,,,,,,
2019?ê?·?à6.0·??ˉ×÷???ù????ó?à×?·BD?Dó￠??×?,https://www.dy2018.com/i/102057.html,magnet:?xt=urn:btih:50b001ac4955bd97d996533532789f873c874de4&dn=[μ?ó°ììì?www.dytt89.com]ó?à×BD?Dó￠??×?.mp4,,,,,,,
2019?ê?í?T?16.3·??ˉ×÷?????????°éú?ùμ??·BD?D×?,https://www.dy2018.com/i/102033.html,magnet:?xt=urn:btih:5d040c666de8411f8ed224fba9a4337fd2d2827e&dn=[μ?ó°ììì?www.dytt89.com]?°éú?ùμ?BD?D×?.mp4,,,,,,,
2020?ê1ú2ú?2???ˉ×÷???????ò??′ó???ì???′?·HD1ú?á??ó??D×?,https://www.dy2018.com/i/102027.html,magnet:?xt=urn:btih:6d12a44846d5307109c21b460c403f809276b6d9&dn=[μ?ó°ììì?www.dytt89.com]???ò??′ó???ì???′HD1ú?á??ó??D×?.mp4,,,,,,,
2021?ê?D1ú?????ˉ×÷???????????¤èy1ú?T???·HD1ú?á??ó??Dó￠??×?,https://www.dy2018.com/i/103610.html,"

magnet:?xt=urn:btih:7a1c89a714e2cc6b6fde4822a70107c5cddac0b9&dn=[μ?ó°ììì?www.dytt89.com]???¤èy1ú?T??-2021_HD?áó??Dó￠??×?.mp4

","

magnet:?xt=urn:btih:1d0ece9e3436529559b61490ed127ee2938b8bb3&dn=[μ?ó°ììì?www.dytt89.com]???¤èy1ú?T??-2021_HD1úó??Dó￠??×?.mp4

",,
2020?êè?±?9.2·??????ˉ?-??1í?e??èD ??ì?????é??a?·BDè?ó??D×?,https://www.dy2018.com/i/103608.html,"

magnet:?xt=urn:btih:4de4516bc709cdc2168668e40a5da6cf340530c8&dn=[μ?ó°ììì?www.dytt89.com]1í?e??èD ??ì?????é??a-2020_BDè?ó??D×?.mp4

",,,
2019?êè?±?9.2·??ˉ?-????1í?e??èD D???μ???°í?·BDè?ó??D×?,https://www.dy2018.com/i/103601.html,"

magnet:?xt=urn:btih:4279495b3622491a887b77024b0241b4f36bb0a6&dn=[μ?ó°ììì?www.dytt89.com]1í?e??èD D???μ???°í-2019_BDè?ó??D×?.mp4

",,,
2021?ê?à1ú?ˉ×÷·?×?????à??ao·???·BD?Dó￠??×?,https://www.dy2018.com/i/103577.html,"

magnet:?xt=urn:btih:f35b976ab02e227a48df392918390e7c99558f63&dn=[μ?ó°ììì?www.dytt89.com]à??ao·??-2021_BD?Dó￠??×?.mp4

",,,
2021?ê1ú2ú?ˉ×÷????????·aé?°?￡o????íò?é?ó?·HD1úó??D×?,https://www.dy2018.com/i/103575.html,"

magnet:?xt=urn:btih:9ce5b7b9ee663cd76a398102af367d33289cc68c&dn=[μ?ó°ììì?www.dytt89.com]·aé?°?￡o????íò?é?ó-2021_HD1úó??D×?.mp4

",,,
2021?êó￠1ú?ˉ×÷????D??í??1??ù?·HDó￠ó??D×?,https://www.dy2018.com/i/103565.html,"

magnet:?xt=urn:btih:d9385d7c6a33898ccd5620a7d418983c80fc22a8&dn=[μ?ó°ììì?www.dytt89.com]D??í??1??ù-2021_HDó￠ó??D×?.mp4

",,,
2021?ê?·?à?ˉ×÷·?×?????ì??????úí?￡ooìé?í¨??á??·BD?Dó￠??×?,https://www.dy2018.com/i/103555.html,"

magnet:?xt=urn:btih:f434a924d6b795c7d324c3d1bc5bb13358dce938&dn=[μ?ó°ììì?www.dytt89.com]ì??????úí?￡ooìé?í¨??á?-2021_BD?Dó￠??×?.mp4

",,,
2021?ê?à1ú?ˉ×÷·?×?????′óê|?·BD?Dó￠??×?,https://www.dy2018.com/i/103551.html,"

magnet:?xt=urn:btih:854d3e3ade70c2bdbfdb4618f5236989873a9479&dn=[μ?ó°ììì?www.dytt89.com]′óê|-2021_BD?Dó￠??×?.mp4

","

magnet:?xt=urn:btih:6216534866121f103b9e711a416b190f5bdf2796&dn=[μ?ó°ììì?www.dytt89.com]′óê|-2021_BD.1080P.?Dó￠??×?.mp4

",,
2021?ê1ú2ú?ˉ×÷1?×°???????ò?ú1?ê??·HD1úó??D×?,https://www.dy2018.com/i/103545.html,"

magnet:?xt=urn:btih:efa9be1089844c038e749c2e5135d5f263df9051&dn=[μ?ó°ììì?www.dytt89.com]???ò?ú1?ê?-2021_HD1úó??D×?.mp4

",,,
2021?ê?·?à?ˉ×÷??????????è??ì′ò?·HD?Dó￠??×?,https://www.dy2018.com/i/103541.html,"

magnet:?xt=urn:btih:f9f2f48e0e90b5567d2a7c077a10d4ddc8518706&dn=[μ?ó°ììì?www.dytt89.com]??è??ì′ò-2021_HD?Dó￠??×?.mp4

",,,
2021?êo?1ú6.2·??ˉ×÷????????Dì?￡?·BDo?ó??D×?,https://www.dy2018.com/i/103513.html,"

magnet:?xt=urn:btih:d5c8f3745d2274d3b874bfec3ad177c77d1348d3&dn=[μ?ó°ììì?www.dytt89.com]Dì?￡-2021_BDo?ó??D×?.mp4

",,,
2021?ê?à1ú7.9·??ˉ×÷·?×?????D?è????·BD?Dó￠??×?,https://www.dy2018.com/i/103506.html,"

magnet:?xt=urn:btih:ef6006794b90b446ce8a55957b2aa26c76388642&dn=[μ?ó°ììì?www.dytt89.com]D?è???-2021_BD?Dó￠??×?.mp4

",,,
2021?ê?à1ú?ˉ×÷?a?¤????é??1ê??·BD?Dó￠??×?,https://www.dy2018.com/i/103496.html,"

magnet:?xt=urn:btih:cd4e5c0c5c3b2ab22c081730b2041fd9390f14fd&dn=[μ?ó°ììì?www.dytt89.com]é??1ê?-2021_BD?Dó￠??×?.mp4

",,,
2021?ê1ú2ú7.0·??ˉ×÷????????′ìé±D??μ?ò?·HD1úó??D×?,https://www.dy2018.com/i/103464.html,"

magnet:?xt=urn:btih:f269992eb6cf6ad253c75a42739f44d1b02432b4&dn=[μ?ó°ììì?www.dytt89.com]′ìé±D??μ?ò-2021_HD1úó??D×?V2.mp4

","

magnet:?xt=urn:btih:1bc699569f45c357c771fa4993009db5596e6d67&dn=[μ?ó°ììì?www.dytt89.com]′ìé±D??μ?ò-2021_HD1úó??D×?.mp4

",,
2021?ê?à1ú?2???ˉ×÷????à×?a??é??·BD?Dó￠??×?,https://www.dy2018.com/i/103461.html,"

magnet:?xt=urn:btih:281c75036fc7f5a9704c7881b525c3be333dd815&dn=[μ?ó°ììì?www.dytt89.com]à×?a??é?-2021_BD?Dó￠??×?.mp4

",,,
2020?ê?·?à6.3·??ˉ×÷?a?¤??????à???3??·BD?Dó￠??×?,https://www.dy2018.com/i/103460.html,"

magnet:?xt=urn:btih:d0d11d3f9df91d8667784d8233647f13e9ec6534&dn=[μ?ó°ììì?www.dytt89.com]??à???3?-2020_BD?Dó￠??×?.mp4

",,,
2021?ê?à1ú?á1?à-?1?¤?-????2à????ítà?μ?ó?à??°?·BD?Dó￠??×?,https://www.dy2018.com/i/103442.html,"

magnet:?xt=urn:btih:1916aad55124b5d397acd5535da7944eb67c5468&dn=[μ?ó°ììì?www.dytt89.com]ítà?μ?ó?à??°-2021_BD?Dó￠??×?.mp4

",,,
2021?ê1ú2ú7.4·??????ˉ?-??D?é?°?￡o??????éú?·HD1ú?á??ó??D×?,https://www.dy2018.com/i/103412.html,"

magnet:?xt=urn:btih:89847e3934f8a5ccdff2cd0e74bb1c6d17a24641&dn=[μ?ó°ììì?www.dytt89.com]D?é?°?￡o??????éú-2021_HD1ú?á??ó??D×?.mkv

","

magnet:?xt=urn:btih:1fb17239187f39f2ab92df73fa9ffb9c526532a2&dn=[μ?ó°ììì?www.dytt89.com]D?é?°?￡o??????éú-2021_HD1úó??D×?.mp4

",,
2021?ê1ú2ú?2???ˉ×÷?????òμ?ò°?ù???????·HD1úó??D×?,https://www.dy2018.com/i/103420.html,"

magnet:?xt=urn:btih:de806df400c9f1b87b26bfd616cf3b4f55fb07ad&dn=[μ?ó°ììì?www.dytt89.com]?òμ?ò°?ù??????-2021_HD1úó??D×?.mp4

",,,
2021?ê1ú2ú?ˉ×÷1?×°??????·éoè????é?á?êàèù?·HD1úó??D×?,https://www.dy2018.com/i/103405.html,"

magnet:?xt=urn:btih:93e951afcf7e8a601a3e8ca48784a46352798b84&dn=[μ?ó°ììì?www.dytt89.com]??·éoè????é?á?êàèù-2021_HD1úó??D×?.mp4

",,,
2021?ê?·?à6.7·??ˉ×÷???????????1à-′ó???e???·BD?Dó￠??×?,https://www.dy2018.com/i/103400.html,"

magnet:?xt=urn:btih:1cac78fd9cae1a384cbb3179a5d6ab7d9396350c&dn=[μ?ó°ììì?www.dytt89.com]???1à-′ó???e??-2021_BD?Dó￠??×?V2×?????ò?°?.mp4

","

magnet:?xt=urn:btih:4a96173e596e594ebb61fc6b4e0e737fd2fbe1d8&dn=[μ?ó°ììì?www.dytt89.com]???1à-′ó???e??-2021_HDó￠ó??D×?.mp4

",,
2021?ê1ú2ú?ˉ×÷????????ê?é???íò?￡·a?§?·HD1úó??D×?,https://www.dy2018.com/i/103369.html,"

magnet:?xt=urn:btih:b970b0e53e157904397def10608b71dbec761ba1&dn=[μ?ó°ììì?www.dytt89.com]ê?é???íò?￡·a?§-2021_HD1úó??D×?.mp4

",,,
2019?ê?à1ú6.6·??ˉ×÷·?×?????21×ù???·BD?Dó￠??×?,https://www.dy2018.com/i/103367.html,"

magnet:?xt=urn:btih:0f831c0c029dcba62970312b13f58bba10a86a33&dn=[μ?ó°ììì?www.dytt89.com]21×ù??-2019_BD?Dó￠??×?.mp4

",,,
2021?ê1ú2úêíD?áú?ˉ×÷?????????à3à??á??y′??·HD1úó??D×?,https://www.dy2018.com/i/103347.html,"

magnet:?xt=urn:btih:abb10ba66e51f49d60880ca9ca19c97e5154309b&dn=[μ?ó°ììì?www.dytt89.com]?à3à??á??y′?-2021_HD1úó??D×?.mp4

",,,
2021?ê1ú2úDì????D????ˉ×÷????à?°????·HD1úó??D×?,https://www.dy2018.com/i/103345.html,"

magnet:?xt=urn:btih:1dd23edaf3a38a82fcef75e9e0f5c258583ed35d&dn=[μ?ó°ììì?www.dytt89.com]à?°???-2021_HD1úó??D×?.mp4

",,,
2021?ê?÷°à?à7.1·??ˉ×÷·?×????????·?????·BDó￠ó??D×?,https://www.dy2018.com/i/103338.html,"

magnet:?xt=urn:btih:eeb61eb156ea5e13813b8e248a4b953edce751ec&dn=[μ?ó°ììì?www.dytt89.com]???·????-2021_BDó￠ó??D×?.mp4

",,,
2020?ê?·?à6.5·??ˉ×÷????é??????à1984?·BD1úó￠??ó??Dó￠??×?,https://www.dy2018.com/i/102969.html,"

magnet:?xt=urn:btih:81d6004141cd56d331f6b53152cd6aa7837124e8&dn=[μ?ó°ììì?www.dytt89.com]é??????à1984BD1úó￠??ó??Dó￠??×?V2DT?y°?.mp4

","

magnet:?xt=urn:btih:03597d1af72e368c7ffd1853a3903b6386c753f5&dn=[μ?ó°ììì?www.dytt89.com]é??????à1984-2020_BD1úó￠??ó??Dó￠??×?.mp4

","

magnet:?xt=urn:btih:9fb8f88681f6475f8ba52b4aece120548fbc482c&dn=[μ?ó°ììì?www.dytt89.com]é??????à1984-2020_BD?Dó￠??×?V2.mp4

","

magnet:?xt=urn:btih:d696dec06c651fa50322e16e4a9783895395bb2c&dn=[μ?ó°ììì?www.dytt89.com]é??????à1984-2020_BD?Dó￠??×?.mp4

"
2021?ê?à1ú8.8·??????????ú???¤ê???μ?°??yò?áa???·BD?Dó￠??×?,https://www.dy2018.com/i/103335.html,"

magnet:?xt=urn:btih:e22bc91f735a83bce9bf81a0968c3c381be84c20&dn=[μ?ó°ììì?www.dytt89.com]?ú???¤ê???μ?°??yò?áa??-2021_BD?Dó￠??×?.mp4

",,,
2019?ê?à1ú?ˉ×÷?a?¤??????à?μ?μo?·BD?Dó￠??×?,https://www.dy2018.com/i/103306.html,"

magnet:?xt=urn:btih:ef4dfafccc610e23ffe26b7dab6b576d41b89eec&dn=[μ?ó°ììì?www.dytt89.com]??à?μ?μo-2019_BD?Dó￠??×?.mp4

",,,
2020?êè?±??ˉ×÷????????2??·BDè?ó??D×?,https://www.dy2018.com/i/103305.html,"

magnet:?xt=urn:btih:e6f6af810df0081e122e5354565d94f9d55d7ff9&dn=[μ?ó°ììì?www.dytt89.com]????2?-2020_BDè?ó??D×?.mp4

",,,
2021?ê1ú2ú??o￡·???3¤?-???é???????é?a??ê¨×ó?￥?·HD1úó??D×?,https://www.dy2018.com/i/103302.html,"

magnet:?xt=urn:btih:6a5738820da4209d95fcbaf190d4bf9a562ebea8&dn=[μ?ó°ììì?www.dytt89.com]???é?a??ê¨×ó?￥-2021_HD1úó??D×?.mp4

",,
2021?ê·¨1ú?ˉ×÷????éú±?DD?ˉ?·BD?Dó￠??×?,https://www.dy2018.com/i/103297.html,"

magnet:?xt=urn:btih:8ebed9020a0556643e893c38495fef71b2aed33e&dn=[μ?ó°ììì?www.dytt89.com]éú±?DD?ˉ-2021_BD?Dó￠??×?.mp4

",,
2021?ê1ú2ú3?o????ˉ×÷Düòé????μòèê?ü￡o3¤°2±??·HD1úó??D×?,https://www.dy2018.com/i/103292.html,"

magnet:?xt=urn:btih:e8586f9bd379f1fee32907d89820e62f76ccd575&dn=[μ?ó°ììì?www.dytt89.com]μòèê?ü￡o3¤°2±?-2021_HD1úó??D×?.mp4

",,
2021?ê?à1ú?ˉ×÷????????íaD?×????·BD?Dó￠??×?,https://www.dy2018.com/i/103287.html,"

magnet:?xt=urn:btih:7f52effed5df37aa54b9b4d6b23fe78b50d01d05&dn=[μ?ó°ììì?www.dytt89.com]íaD?×???-2021_BD?Dó￠??×?.mp4

",,
2021?êè?±?Düòé?ˉ?-???????ìì?????￡o?3é?μ?2??ú3??¤?÷?·BD?D×?,https://www.dy2018.com/i/103282.html,"

magnet:?xt=urn:btih:d4615c208f984371325bcd307a8fd36f0dd1aaa8&dn=???ìì?????￡o?3é?μ?2??ú3??¤?÷-2021_BDè?ó??D×?.mp4

",,
2021?ê1ú2ú?ˉ×÷????í-?¤ìú1?·?êàó??·HD1úó??D×?,https://www.dy2018.com/i/103280.html,"

magnet:?xt=urn:btih:1c27cb19b16ddccd4088d18a02a7a8e0fd3680ef&dn=[μ?ó°ììì?www.dytt89.com]í-?¤ìú1?·?êàó?-2021_HD1úó??D×?.mp4

",,
2021?ê1ú2ú?ˉ×÷????????ò????èéú?·HD1úó??D×?,https://www.dy2018.com/i/103274.html,"

magnet:?xt=urn:btih:6af15805705de39f2a989d4ef931568e66653fca&dn=[μ?ó°ììì?www.dytt89.com]ò????èéú-2021_HD1úó??D×?.mp4

",,
2021?ê?·?à?ˉ×÷°??é?????èêê??è??·BD?D×?,https://www.dy2018.com/i/103269.html,"

magnet:?xt=urn:btih:a9742ca8011f5e65375e3d459889e21b554677d7&dn=[μ?ó°ììì?www.dytt89.com]?èêê??è?-2021_BD?D×?.mp4

",,
2021?ê1ú2úD????ˉ×÷????????DT?é′???á??￡?·HD1úó??D×?,https://www.dy2018.com/i/103263.html,"

magnet:?xt=urn:btih:8aabe78ddecceba0726f5733c6fcfe7a9104df61&dn=[μ?ó°ììì?www.dytt89.com]DT?é′???á??￡-2021_HD1úó??D×?.mp4

",,
2020?ê?à1ú?ˉ×÷?°??????òaμD?·BD?D×?,https://www.dy2018.com/i/103249.html,"

magnet:?xt=urn:btih:12f4ea99448284cddf04289181a76b4b63c67b35&dn=[μ?ó°ììì?www.dytt89.com]òaμD-2020_BD?D×?.mp4

",,
2021?ê?à1ú7.6·??ˉ×÷????D?í??ó?á?·BD?Dó￠??×?,https://www.dy2018.com/i/103224.html,"

magnet:?xt=urn:btih:688ac159d97235238422d30e54328004a4af7414&dn=[μ?ó°ììì?www.dytt89.com]D?í??ó?á-2021_BD?Dó￠??×?.mp4

",,
2020?ê1ú2úá?μ??aá??à???ˉ×÷·?×?????2eμˉ×¨?ò2?·HD1úó??D×?,https://www.dy2018.com/i/103223.html,"

magnet:?xt=urn:btih:1c5596857e6fa9937ba777485d74c9166c4d334d&dn=[μ?ó°ììì?www.dytt89.com]2eμˉ×¨?ò2-2020_HD1úó??D×?.mp4

",,
2021?ê1ú2ú????×??ˉ×÷????·′?÷?·HD1úó??D×?,https://www.dy2018.com/i/103213.html,"

magnet:?xt=urn:btih:ce5a9460116bdb1c366b08a0df65e695d8e5db73&dn=[μ?ó°ììì?www.dytt89.com]·′?÷-2021_HD1úó??D×?.mp4

",,
2020?ê?à1ú?ˉ×÷????????1???á÷á????·BD?D×?,https://www.dy2018.com/i/103212.html,"

magnet:?xt=urn:btih:d01722fbaa7539f0b7f6ca2f8704b50a78d21a85&dn=[μ?ó°ììì?www.dytt89.com]1???á÷á???-2020_BD?D×?.mp4

",,
2020?ê?í?T?16.0·??ˉ×÷????????ò?oóê????±?·BD?D×?,https://www.dy2018.com/i/103206.html,"

magnet:?xt=urn:btih:4151c50f938bf072ef12d17127b27231f5bb023e&dn=[μ?ó°ììì?www.dytt89.com]ò?oóê????±-2020_BD?D×?.mp4

",,
2021?ê1ú2úí?±|???ˉ×÷????éùá?????μ?±|′????·HD1úó??D×?,https://www.dy2018.com/i/103194.html,"

magnet:?xt=urn:btih:9e593cd17de23e83c842fc34a41b7d86a64efa3b&dn=[μ?ó°ììì?www.dytt89.com]éùá?????μ?±|′???-2021_HD1úó??D×?.mp4

",,
2020?êo?1ú?ˉ×÷?????￡?í?·BDo?ó??D×?,https://www.dy2018.com/i/103189.html,"

magnet:?xt=urn:btih:a08f6213a18f6e40be51ebbd7e8c51754a229ce3&dn=[μ?ó°ììì?www.dytt89.com]?￡?í-2020_BDo?ó??D×?.mp4

",,
2020?ê?à1ú6.0·??ˉ×÷?a?¤????D￡?°′óìóé±?·BD?Dó￠??×?,https://www.dy2018.com/i/103175.html,"

magnet:?xt=urn:btih:7bf31e9683f9d26bea85a6b6a2db6082ea438522&dn=[μ?ó°ììì?www.dytt89.com]D￡?°′óìóé±-2020_BD?Dó￠??×?.mp4

",,
2020?ê1ú2ú?ˉ×÷·?×??????T??DD????éú?à?±DD?·BD?áó??D×?,https://www.dy2018.com/i/102735.html,"

magnet:?xt=urn:btih:a8d7a4ebc4e003b1325e18d59cf8554a8375a5e7&dn=[μ?ó°ììì?www.dytt89.com]?T??DD????éú?à?±DD-2020_BD?áó??D×?.mp4

","

magnet:?xt=urn:btih:70bf2e294b2e3a36bb95f6334dacf7b102a44099&dn=[μ?ó°ììì?www.dytt89.com]?T??DD????éú?à?±DDHD1ú?á??ó??D×?.mp4

","

magnet:?xt=urn:btih:24810aec5fa585a85f97ca8ad94dde9729100a2b&dn=[μ?ó°ììì?www.dytt89.com]?T??DD????éú?à?±DDHD1úó??D×?.mp4

"
2020?ê1ú2ú6.3·??ˉ×÷???????????±?è???·HD1úó??D×?,https://www.dy2018.com/i/103172.html,"

magnet:?xt=urn:btih:c22a780c51cc16900e674cd4bad32e9503905bc1&dn=[μ?ó°ììì?www.dytt89.com]???±?è??-2020_HD1úó??D×?.mp4

",,
2020?ê?à1ú?2???ˉ×÷????3??????ü?·BD?D×?,https://www.dy2018.com/i/103170.html,"

magnet:?xt=urn:btih:69b316a7b7ac696a2be2ba6e7ede4724808e7430&dn=[μ?ó°ììì?www.dytt89.com]3??????ü-2020_BD?D×?.mp4

",,
2021?ê1ú2ú?àá??°?a±??ˉ×÷????D??×1éà′?·HD1úó??D×?,https://www.dy2018.com/i/103155.html,"

magnet:?xt=urn:btih:9f0e7a7dba2bdf6a890c13840db3e0f5708e5898&dn=[μ?ó°ììì?www.dytt89.com]D??×1éà′-2021_HD1úó??D×?.mp4

",,
2021?ê?÷°à?à6.8·??ˉ×÷?a?¤????á??èò????·BD?÷°à?àó??D×?,https://www.dy2018.com/i/103144.html,"

magnet:?xt=urn:btih:b27f96559f276ebf6a2b8cf208c85a19fe5420e0&dn=[μ?ó°ììì?www.dytt89.com]á??èò???-2021_BD?÷°à?àó??D×?.mp4

",,
2020?ê?·?à7.1·??a?¤??2à?????aDèμ?óü?·HD?Dó￠??×?,https://www.dy2018.com/i/103142.html,"

magnet:?xt=urn:btih:85178dcc91ffcd5a33b82fece1e9e8f0e65aacdf&dn=[μ?ó°ììì?www.dytt89.com]?aDèμ?óü-2020_HD?Dó￠??×?.mp4

",,
2021?ê?D1ú?????ˉ×÷·?×???????°?DD?ˉ??μ·??è????·HD1úó??D×?,https://www.dy2018.com/i/103136.html,"

magnet:?xt=urn:btih:fd429e7ab9a9ce7d4111fe825eec48e70073da3a&dn=[μ?ó°ììì?www.dytt89.com]??°?DD?ˉ??μ·??è???-2021_HD1úó??D×?.mp4

",,
2021?ê?à1ú6.0·??°???ˉ?-????òùòe?à￡oáú???ê?·BD?Dó￠??×?,https://www.dy2018.com/i/103121.html,"

magnet:?xt=urn:btih:189a615abd766eeb340884db7437ac54500636d2&dn=[μ?ó°ììì?www.dytt89.com]òùòe?à￡oáú???ê-2021_BD?Dó￠??×?.mp4

",,
2020?ê?·?à?ˉ×÷??2à???????Dò?ó°?·BD?D×?,https://www.dy2018.com/i/103099.html,"

magnet:?xt=urn:btih:fa7dfc0efe29c654b1b849eec54a757ac26c7629&dn=[μ?ó°ììì?www.dytt89.com]???Dò?ó°-2020_BD?D×?.mp4

",,
2020?ê?à1ú?ˉ×÷?????èêê???·BD?D×?,https://www.dy2018.com/i/103084.html,"

magnet:?xt=urn:btih:7933541a0f347f891254f652b2d6313ac4358f79&dn=[μ?ó°ììì?www.dytt89.com]?èêê??-2020_BD?D×?.mp4

",,
2021?ê1ú2ú?ˉ×÷???????ˉ??à¤￡o????·??t?·HD1úó??D×?,https://www.dy2018.com/i/103061.html,"

magnet:?xt=urn:btih:5491a0b2781e97da28a7d696b70a1ba2df5ccc81&dn=???ˉ??à¤￡o????·??t-2021_HD1úó??D×?.mp4

",,
2021?ê?à1ú?ˉ×÷??????????è??¤???·HD?D×?,https://www.dy2018.com/i/103059.html,"

magnet:?xt=urn:btih:adfd00dacac53408f83740582415086c8537c18b&dn=??è??¤??-2021_HD?D×?.mp4

",,
2020?ê?à1ú6.8·??ˉ×÷?°??????êà??D????·BD?Dó￠??×?,https://www.dy2018.com/i/103054.html,"

magnet:?xt=urn:btih:8f1aa79e887bbecb116c6277b81357676d30f5fb&dn=[μ?ó°ììì?www.dytt89.com]êà??D???-2020_BD?Dó￠??×?.mp4

",,,
2019?ê?à1ú?ˉ×÷·?×??????2?ùé±?ú?·BD?D×?,https://www.dy2018.com/i/103019.html,"

magnet:?xt=urn:btih:1c577fa3cb4f71c1045348ecf9324ecbd2afedbd&dn=[μ?ó°ììì?www.dytt89.com]?2?ùé±?ú-2019_BD?D×?.mp4

",,,
2020?ê?à1ú6.8·??ˉ×÷????áìD???×??·BD?Dó￠??×?,https://www.dy2018.com/i/103002.html,"

magnet:?xt=urn:btih:bf36bb9d89f2cc66591f6c23636dda7570f5ee7b&dn=[μ?ó°ììì?www.dytt89.com]áìD???×?-2020_BD?Dó￠??×?.mp4

",,,
2020?ê1ú2ú6.5·????é????3y±??·HD1ú?á??ó??D×?,https://www.dy2018.com/i/102996.html,"

magnet:?xt=urn:btih:fc6ea3fa44e1b091c2277602911b14cba71debfd&dn=[μ?ó°ììì?www.dytt89.com]3y±?-2020_HD1ú?á??ó??D×?.mp4

",,,
2020?ê?à1ú?2???ˉ×÷????è???D?ó￠D??·BD?D×?,https://www.dy2018.com/i/102958.html,"

magnet:?xt=urn:btih:4c260cff4c5928282200c31dcbf94fb83cd2c791&dn=è???D?ó￠D?-2020_BD?D×?.mp4

",,,
2020?êo?1ú?2???ˉ×÷????1ú?ê??2é?·BDo?ó??D×?,https://www.dy2018.com/i/102946.html,"

magnet:?xt=urn:btih:b509925e3c065ab2cf9b83c8c2e1364c5e8da1e9&dn=[μ?ó°ììì?www.dytt89.com]1ú?ê??2é-2020_BDo?ó??D×?.mp4

",,,
2020?ê1ú2ú3éáú???ó°??×?ˉ×÷?????±?è·??·BD1ú?á??ó??D×?,https://www.dy2018.com/i/102682.html,"

magnet:?xt=urn:btih:953e84656708d4dffad2c859626b2ae1e0973387&dn=[μ?ó°ììì?www.dytt89.com]?±?è·?-2020_BD1ú?á??ó??D×?.mp4

","

magnet:?xt=urn:btih:3056b61557ee380417fedaea4bf0ea6949a53c00&dn=[μ?ó°ììì?www.dytt89.com]?±?è·?HD1úó??D×?.mp4

","

magnet:?xt=urn:btih:4aaca839c4dda7c6996210ac29f78de748140a45&dn=[μ?ó°ììì?www.dytt89.com]?±?è·?HD?áó??D×?.mp4

",
2020?ê?à1ú?ˉ×÷????áy?D?·êT?·BD?Dó￠??×?,https://www.dy2018.com/i/102920.html,"

magnet:?xt=urn:btih:cb642922d6c9d10c32d396df73be7a73abdb0678&dn=áy?D?·êT-2020_BD?Dó￠??×?.mp4

",,,
2020?êo?1ú?ˉ×÷????áú???ó￡o?T?é??êD?·BDo?ó??D×?,https://www.dy2018.com/i/102905.html,"

magnet:?xt=urn:btih:b8c07c0150bb1ea28b3700503baa3af778dd1cab&dn=áú???ó￡o?T?é??êD-2020_BDo?ó??D×?.mp4

",,,
2020?ê?à1ú?ˉ×÷????ò?è??üí??·BD?Dó￠??×?,https://www.dy2018.com/i/102901.html,"

magnet:?xt=urn:btih:e5e6abcfbeae4c3a310d69c62ea9a3a26715076e&dn=[μ?ó°ììì?www.dytt89.com]ò?è??üí?-2020_BD?Dó￠??×?.mp4

",,,
2019?ê·¨1ú7.2·??ˉ×÷·?×?????3?êDá?è??·BD·¨ó??D×?DT?′,https://www.dy2018.com/i/101040.html,"

magnet:?xt=urn:btih:5538d305a8d694da86a5d425708371ab2128e49a&dn=3?êDá?è?-2019_BD·¨ó?.mp4

","

magnet:?xt=urn:btih:6bc8d56fc44920d0f7f8d712630e62cac05880c1&dn=3?êDá?è?BD·¨ó?[μ?ó°ììì?www.dy2018.com].mp4

",,
2020?ê1ú2ú6.2·????é????ìóóüD?μü?·HD1úó??D×?,https://www.dy2018.com/i/102879.html,"

magnet:?xt=urn:btih:4dc2454271f308ebc82542ba13da7eee4b511604&dn=[μ?ó°ììì?www.dytt89.com]ìóóüD?μü-2020_BD1ú?á??ó??D×?.mp4

","

magnet:?xt=urn:btih:eba924952fe9fd95f6262097ebf81ecb28993fda&dn=[μ?ó°ììì?www.dytt89.com]ìóóüD?μü-2020_HD1úó??D×?.mp4

",,
2020?ê?à1ú?ˉ×÷????????è??ì1????·BD?Dó￠??×?,https://www.dy2018.com/i/102866.html,"

magnet:?xt=urn:btih:9efe6fb5cd1e403d8f63e3e6019b0e8ca79f1922&dn=[μ?ó°ììì?www.dytt89.com]è??ì1???-2020_BD?Dó￠??×?.mp4

",,,
2018?ê°í?ù?1ì1???ù????°??èD?D??·HD?ú????ó??D×?,https://www.dy2018.com/i/102847.html,"

magnet:?xt=urn:btih:e38f28f2d6e1ac4a2a8aef15df71e84168c05b34&dn=[μ?ó°ììì?www.dytt89.com]°??èD?D?HD?ú????ó??D×?.mp4

",,,
2020?ê1ú2ú?ˉ×÷???????????ù?ào?í???′óê￥?T???·HD1úó??D×?,https://www.dy2018.com/i/102844.html,"

magnet:?xt=urn:btih:cc26b83245027355848cdaac1350cc4861b6027d&dn=[μ?ó°ììì?www.dytt89.com]???ù?ào?í???′óê￥?T??HD1úó??D×?.mp4

",,,
2020?ê?ó??′ó?ˉ×÷?a?¤????íòμ??·BD?Dó￠??×?,https://www.dy2018.com/i/102842.html,"

magnet:?xt=urn:btih:9018aab36aff3314aff3ec09fd54a3cfc66469ca&dn=[μ?ó°ììì?www.dytt89.com]íòμ?BD?Dó￠??×?.mp4

",,,
2020?ê?à1ú?ˉ×÷·?×??????á?eóa?è?·BD?Dó￠??×?,https://www.dy2018.com/i/102841.html,"

magnet:?xt=urn:btih:41eaeede530d8f875831b699cc5fd7d11bf56046&dn=[μ?ó°ììì?www.dytt89.com]?á?eóa?èBD?Dó￠??×?.mp4

",,,
2020?ê1ú2úo??y?ˉ×÷?????ò??óà2????ú?·BD1úó??D×?,https://www.dy2018.com/i/102840.html,"

magnet:?xt=urn:btih:45ae8c2eb05bbff86e0e97d7debf1866f31c8e3e&dn=[μ?ó°ììì?www.dytt89.com]?ò??óà2????úBD1úó??D×?.mp4

",,,
2019?ê3éáú?ˉ×÷????????áú???????·BD1úó￠??ó??Dó￠??×?,https://www.dy2018.com/i/101231.html,"

magnet:?xt=urn:btih:a07a71aa3ab251c669ec02cd49bffc1edf90d72f&dn=[μ?ó°ììì?www.dytt89.com]áú??????BD1úó￠??ó??Dó￠??×?.mp4

","

magnet:?xt=urn:btih:58383703ada0f34ec1fccee1e59fc403cb193720&dn=[μ?ó°ììì?www.dytt89.com]áú??????BD?D×?.mp4

","

magnet:?xt=urn:btih:c0efbcbd1248936e678bc13074a793071ec2b5ea&dn=áú??????-2019_HD1úó??D×?.mp4

","

magnet:?xt=urn:btih:77c6263afc51e0b2dfdadb8c9fbeed59283bbc4b&dn=[μ?ó°ììì?www.dy2018.com]áú??????HD1úó??D×?.mkv

"
2020?ê?·?à7.8·??ˉ×÷????????D?ì??·BD1úó￠??ó??Dó￠??×?,https://www.dy2018.com/i/102785.html,"

magnet:?xt=urn:btih:9d0595e2d636415e19732b9ab2c043424587ed58&dn=[μ?ó°ììì?www.dytt89.com]D?ì?BD1úó￠??ó??Dó￠??×?.mkv

","

magnet:?xt=urn:btih:b046696ff84e3ed9f97c0d76468dfaa9bbb3d634&dn=[μ?ó°ììì?www.dytt89.com]D?ì?HD?D×?.mp4

",,
2020?êo?1ú?ˉ×÷????±￡?ú?·BDo?ó??D×?,https://www.dy2018.com/i/102822.html,"

magnet:?xt=urn:btih:98d0eb158969a0911d184f85654bcd95a633d2e9&dn=[μ?ó°ììì?www.dytt89.com]±￡?úBDo?ó??D×?.mp4

",,,
2020?ê?D1ú????3?1úà¤?ˉ×÷????è-μà?·HD1úó??D×?,https://www.dy2018.com/i/102773.html,"

magnet:?xt=urn:btih:3272c74416c2edb76a552ba1c2daa00fd6395936&dn=[μ?ó°ììì?www.dytt89.com]è-μàHD1úó??D×?.mp4

",,,
2019?ê?·?à6.1·??ˉ×÷àúê·?????±ó￥??μ?áè?e?·BD?Dó￠??×?,https://www.dy2018.com/i/102750.html,"

magnet:?xt=urn:btih:d42bd9566a85be2f255840c919c3456a2a701eba&dn=[μ?ó°ììì?www.dytt89.com]?±ó￥??μ?áè?eBD?Dó￠??×?.mp4

",,,
2020?ê?·?à?2???ˉ×÷????×·é±??à?μù?·BD?Dó￠??×?,https://www.dy2018.com/i/102740.html,"

magnet:?xt=urn:btih:66f8dbdc75cade828e93f37e086ff5d62c9498d7&dn=[μ?ó°ììì?www.dytt89.com]×·é±??à?μùBD?Dó￠??×?.mp4

",,,
2020?ê?à1ú?ˉ×÷?????òê??′3e??2?·BD?D×?,https://www.dy2018.com/i/102738.html,"

magnet:?xt=urn:btih:df84a5cf782b0faca74d6096b244e783bdfc8890&dn=[μ?ó°ììì?www.dytt89.com]?òê??′3e??2BD?D×?.mp4

",,,
2020?ê?à1ú?ˉ×÷????????èáμàé·D??·BD?Dó￠??×?,https://www.dy2018.com/i/102718.html,"

magnet:?xt=urn:btih:66c1221e4eddb519a812789e982ac8ccf957c3b7&dn=[μ?ó°ììì?www.dytt89.com]èáμàé·D?BD?Dó￠??×?.mp4

",,,
2019?ê?à1ú?ˉ×÷???ù????oí???·BD?Dó￠??×?,https://www.dy2018.com/i/102710.html,"

magnet:?xt=urn:btih:3e57d0bc7f6c0a78f1cd0ba5faf4a3cc04a8e74a&dn=[μ?ó°ììì?www.dytt89.com]oí??BD?Dó￠??×?.mp4

",,,
2020?êo?1ú?ˉ×÷?a?¤?????aé?DD2￡o°?μo?·BDo?ó??D×?,https://www.dy2018.com/i/102333.html,"

magnet:?xt=urn:btih:8a9909648b168e3db914e64cb34f7b9dfefd93f9&dn=[μ?ó°ììì?www.dytt89.com]?aé?DD2￡o°?μoBDo?ó??D×?.mp4

","

magnet:?xt=urn:btih:b4a24d34011be22528d545d97b4018d6271b8d39&dn=[μ?ó°ììì?www.dytt89.com]?aé?DD2￡o°?μoHDo?ó??D×?.mp4

",,
2019?ê?à1ú?ˉ×÷????????μ?óü?D??￡o?a?êoóáè?e?·BD?Dó￠??×?,https://www.dy2018.com/i/100975.html,"

magnet:?xt=urn:btih:5aaaa0869598a13c5206e0e9762aff97531845ec&dn=μ?óü?D??￡o?a?êoóáè?e-2019_BD?Dó￠??×?.mp4

","

magnet:?xt=urn:btih:ae90c8d268c1b6e37695e190efdc7e815847e05e&dn=μ?óü?D??￡o?a?êoóáè?e-2019_HDo?°??Dó￠??×?.mp4

","

magnet:?xt=urn:btih:cdf49263ce6ea156c5095c65cb9532a57934f06d&dn=μ?óü?D??￡o?a?êoóáè?eBD?Dó￠??×?[μ?ó°ììì?www.dy2018.com].mp4

",
2020?ê?à1ú??????2à????D?±???è??·BD?D×?,https://www.dy2018.com/i/102668.html,"

magnet:?xt=urn:btih:c1fe5a4517d4ffaf6bd1c4b506a3d0d65dc8bb1a&dn=[μ?ó°ììì?www.dytt89.com]D?±???è?BD?D×?.mp4

",,,
2020?ê?D?ào????ˉ×÷??á?òà·?°????¨??à??·BD1úó￠??ó??Dó￠??×?,https://www.dy2018.com/i/102649.html,"

magnet:?xt=urn:btih:6113eaabc5cfb4350c75cc8918a361834814c6e4&dn=[μ?ó°ììì?www.dytt89.com]?¨??à?BD1úó￠??ó??Dó￠??×?.mp4

","

magnet:?xt=urn:btih:65ccc19b77f1b0f4b559a19785c1303177ff7f52&dn=[μ?ó°ììì?www.dytt89.com]?¨??à?BD?Dó￠??×?.mp4

"
2017?êo?1ú7.7·??ˉ×÷·?×?????í????·BDo?ó??D×?,https://www.dy2018.com/i/102635.html,"

magnet:?xt=urn:btih:dc8e4daf741a445daf259d1e8de4663a064554ab&dn=[μ?ó°ììì?www.dytt89.com]í???BDo?ó??D×?.mp4

",
2020?ê?·?à?ˉ×÷/?a?¤???????ü?ù?ú?·BD?D×?,https://www.dy2018.com/i/102614.html,"

magnet:?xt=urn:btih:d3868593d4b58c22d84cae20ac7fdaf01551d8ca&dn=[μ?ó°ììì?www.dytt89.com]???ü?ù?úBD?D×?.mp4

",
2019?ê?·?à??????2à?????yò?μ?×óμˉ?·BD?Dó￠??×?,https://www.dy2018.com/i/102608.html,"

magnet:?xt=urn:btih:85635de29d21449cffcb43eddd9ae14d4b247146&dn=[μ?ó°ììì?www.dytt89.com]?yò?μ?×óμˉBD?Dó￠??×?.mp4

",
2019?ê?à1ú?ˉ×÷????????μú??′?êà??′ó???·BD?Dó￠??×?,https://www.dy2018.com/i/102598.html,"

magnet:?xt=urn:btih:6ec5d1baf74ab6ed01a97d872602c127f8533c9c&dn=[μ?ó°ììì?www.dytt89.com]μú??′?êà??′ó??BD?Dó￠??×?.mp4

",
2020?ê?à1ú?ˉ×÷????·àμˉ2?·BD?D×?,https://www.dy2018.com/i/102595.html,"

magnet:?xt=urn:btih:349a16fb78b37fd71d90ab48623440c6e7d4a1d9&dn=[μ?ó°ììì?www.dytt89.com]·àμˉ2BD?D×?.mp4

",
2020?ê?à1ú?ˉ×÷????????òìD??§1?￡o?a?Dμo?·BD?D×?,https://www.dy2018.com/i/102594.html,"

magnet:?xt=urn:btih:3e1bb2139811cde40829bd13209b1aad97a87e1e&dn=[μ?ó°ììì?www.dytt89.com]òìD??§1?￡o?a?DμoBD?D×?.mp4

",
2020?ê?à1ú?ˉ×÷·?×???????oíêD?·BD?D×?,https://www.dy2018.com/i/102593.html,"

magnet:?xt=urn:btih:6a0c980ef0b84d904f4c4da7def7eb38e806bd5f&dn=[μ?ó°ììì?www.dytt89.com]GeHouêDBD?D×?.mp4

",
2020?ê?à1ú?ˉ×÷?????￠μ¨o·???·BD?D×?,https://www.dy2018.com/i/102578.html,"

magnet:?xt=urn:btih:0345306b04245fb7acc91580e99b4a377df2e0cd&dn=[μ?ó°ììì?www.dytt89.com]?￠μ¨o·??BD?D×?.mp4

",
2019?ê?D1ú???????ú?ˉ×÷?????òêà?¤±|?·BD1ú?á??ó??D×?,https://www.dy2018.com/i/102566.html,"

magnet:?xt=urn:btih:155d573428dd75e8632a5032afdcee3884a27c1b&dn=[μ?ó°ììì?www.dytt89.com]?òêà?¤±|BD1ú?á??ó??D×?.mp4

",
2019?êó￠1úòa′óà??ˉ×÷?a?¤?????13èD°?μ?·BD?D×?,https://www.dy2018.com/i/102553.html,"

magnet:?xt=urn:btih:8eab6be98abab403f633005703602cec0820767d&dn=[μ?ó°ììì?www.dytt89.com]?13èD°?μBD?D×?.mp4

",
2020?ê?à1ú?ˉ×÷·?×?????μ1êy×·?ê?·BD?Dó￠??×?,https://www.dy2018.com/i/102542.html,"

magnet:?xt=urn:btih:92230c1b347adaa3e5f2cbe70e5f845cf89145a2&dn=[μ?ó°ììì?www.dytt89.com]μ1êy×·?êBD?Dó￠??×?.mp4

",
2020?ê?à1ú?ˉ×÷????í?è??àí?2?·BD?Dó￠??×?,https://www.dy2018.com/i/102516.html,"

magnet:?xt=urn:btih:11418fcb6ed91dee81df5aa8147294af53efa48a&dn=[μ?ó°ììì?www.dytt89.com]í?è??àí?2BD?Dó￠??×?.mp4

",
2020?ê?à1ú?ˉ×÷?a?¤?????′??è??·BD?Dó￠??×?,https://www.dy2018.com/i/102514.html,"

magnet:?xt=urn:btih:ef9f7886606a7c151388fc93e60bc7e4a5515ec6&dn=[μ?ó°ììì?www.dytt89.com]?′??è?BD?Dó￠??×?.mp4

",
2019?ê?à1ú6.1·??ˉ×÷·?×????????üòé???·BD?D×?,https://www.dy2018.com/i/102504.html,"

magnet:?xt=urn:btih:2e9ece9ffdbb7a187e06418add2c1b33ff584cca&dn=[μ?ó°ììì?www.dytt89.com]???üòé??BD?D×?.mp4

",
2020?ê1ú2ú6.4·??????ˉ?-?????÷DD?í???ù???ò???·BD1ú?á??ó??D×?,https://www.dy2018.com/i/102501.html,"

magnet:?xt=urn:btih:c43602055298f0d96cc9b8b5e71f7c78df92cf34&dn=[μ?ó°ììì?www.dytt89.com]?÷DD?í???ù???ò??BD1ú?á??ó??D×?.mp4

",
2019?êè?±?7.6·??2???ˉ?-?????3°?èyêà The First?·BDè?ó??D×?,https://www.dy2018.com/i/102445.html,"

magnet:?xt=urn:btih:ff4f7c4aaf6686f25da82dee6c53278dca4103b0&dn=[μ?ó°ììì?www.dytt89.com]?3°?èyêàBDè?ó??D×?.mp4

",
2019?êó￠1ú6.3·??2??????á??D?Do￠?·BD?Dó￠??×?,https://www.dy2018.com/i/102428.html,"

magnet:?xt=urn:btih:bb672661c2d34c64eb1f7fb6076ac7bd321d9fe5&dn=[μ?ó°ììì?www.dytt89.com]á??D?Do￠BD?Dó￠??×?.mp4

",
2020?ê?à1ú?2???????????¨1·′ó??3￡o×|×|?ˉ?á￡??·BD?D×?,https://www.dy2018.com/i/102411.html,"

magnet:?xt=urn:btih:b8d790e684c00182f830fe819542bc488e8074d5&dn=[μ?ó°ììì?www.dytt89.com]?¨1·′ó??3￡o×|×|?ˉ?áBD?D×?.mp4

",
2018?ê?ó??′ó5.9·??ˉ×÷??????1a?????·HD?Dó￠??×?,https://www.dy2018.com/i/102407.html,"

magnet:?xt=urn:btih:e08c97a6a504a90210e693f9064c46458f35f411&dn=[μ?ó°ììì?www.dytt89.com]??1a????HD?Dó￠??×?.mp4

",
2020?êo?1ú7.4·??ˉ×÷·?×?????′óD°???D?ü?è?ò?·BDo?ó??D×?,https://www.dy2018.com/i/102392.html,"

magnet:?xt=urn:btih:6190909b6afd43648a044e51e955eb58cb75b11f&dn=[μ?ó°ììì?www.dytt89.com]′óD°???D?ü?è?òBDo?ó??D×?.mp4

",
2020?ê1ú2úDí?y′??2????????±±íùê?￡o?ò?Dá?o￡?ù?·HD1úó??D×?,https://www.dy2018.com/i/102381.html,"

magnet:?xt=urn:btih:6931dcde9edc15df268754ef69c79f14a7d02338&dn=[μ?ó°ììì?www.dytt89.com]??±±íùê?￡o?ò?Dá?o￡?ùHD1úó??D×?.mp4

",
2020?êó￠1ú??·??ˉ×÷???ù?????àμá?·BD?Dó￠??×?,https://www.dy2018.com/i/102343.html,"

magnet:?xt=urn:btih:968a75551a443c6887d97c2ca2d96e82b4de9f68&dn=[μ?ó°ììì?www.dytt89.com]?àμáBD?Dó￠??×?.mp4

",
2020?ê?à1ú6.3·??ˉ×÷?ˉ?-????3?è?￡o?÷è???×ó?·BD?Dó￠??×?,https://www.dy2018.com/i/102339.html,"

magnet:?xt=urn:btih:f996b37bfd8585a8aff48cdd4c8effe8ecfd8f2e&dn=[μ?ó°ììì?www.dytt89.com]3?è?￡o?÷è???×óBD?Dó￠??×?.mp4

",
2020?ê?à1ú?ˉ×÷?a?¤?????ü1è?′3eò1?·BD?Dó￠??×?,https://www.dy2018.com/i/102337.html,"

magnet:?xt=urn:btih:3ac128bcd6dc16aa0dbefa8f6d85e781c6402049&dn=[μ?ó°ììì?www.dytt89.com]?ü1è?′3eò1BD?Dó￠??×?.mp4

",
2020?ê?à1ú?ˉ×÷·?×?????°?íT?·BD?Dó￠??×?,https://www.dy2018.com/i/102334.html,"

magnet:?xt=urn:btih:a21dcc23831d1e6039ebbbb469c1446757d1fef1&dn=[μ?ó°ììì?www.dytt89.com]°?íTBD?Dó￠??×?.mp4

",
2020?ê1ú2úoú?üóà?D?ˉ×÷°??é????é?o￡í?2?·HD1úó??D×?,https://www.dy2018.com/i/102332.html,"

magnet:?xt=urn:btih:e8f037e725c1898699c9ca3364625c6b09569c02&dn=[μ?ó°ììì?www.dytt89.com]é?o￡í?2HD1úó??D×?.mp4

",
2019?ê?D1ú?????ˉ×÷????×?è?μ?è-í·?·BD1ú?á??ó??D×?,https://www.dy2018.com/i/102327.html,"

magnet:?xt=urn:btih:a3a248fea3ffc08c165c0b441ed729e550091973&dn=[μ?ó°ììì?www.dytt89.com]×?è?μ?è-í·BD1ú?á??ó??D×?.mp4

",
2019?êó??è?á?÷???ˉ×÷????????éáμ????à??′?à-?·BD?D×?,https://www.dy2018.com/i/102324.html,"

magnet:?xt=urn:btih:5816e640d43eac1fbe14346a5ee85a6381f0ef73&dn=[μ?ó°ììì?www.dytt89.com]éáμ????à??′?à-BD?D×?.mp4

",
2020?ê?à1ú?2???ˉ×÷????óa?èà?°?à??è?·BD?D×?,https://www.dy2018.com/i/102316.html,"

magnet:?xt=urn:btih:59b109fbc2b0c1706f60e4a100aeaf824ad35bbf&dn=[μ?ó°ììì?www.dytt89.com]óa?èà?°?à??èBD?D×?.mp4

",
2021?ê?D1ú?????ˉ×÷???????????¤èy1ú?T???·HD1ú?á??ó??Dó￠??×?,https://www.dy2018.com/i/103610.html,"

magnet:?xt=urn:btih:7a1c89a714e2cc6b6fde4822a70107c5cddac0b9&dn=[μ?ó°ììì?www.dytt89.com]???¤èy1ú?T??-2021_HD?áó??Dó￠??×?.mp4

","

magnet:?xt=urn:btih:1d0ece9e3436529559b61490ed127ee2938b8bb3&dn=[μ?ó°ììì?www.dytt89.com]???¤èy1ú?T??-2021_HD1úó??Dó￠??×?.mp4

",,
2020?êè?±?9.2·??????ˉ?-??1í?e??èD ??ì?????é??a?·BDè?ó??D×?,https://www.dy2018.com/i/103608.html,"

magnet:?xt=urn:btih:4de4516bc709cdc2168668e40a5da6cf340530c8&dn=[μ?ó°ììì?www.dytt89.com]1í?e??èD ??ì?????é??a-2020_BDè?ó??D×?.mp4

",,,
2019?êè?±?9.2·??ˉ?-????1í?e??èD D???μ???°í?·BDè?ó??D×?,https://www.dy2018.com/i/103601.html,"

magnet:?xt=urn:btih:4279495b3622491a887b77024b0241b4f36bb0a6&dn=[μ?ó°ììì?www.dytt89.com]1í?e??èD D???μ???°í-2019_BDè?ó??D×?.mp4

",,,
2021?ê?à1ú?ˉ×÷·?×?????à??ao·???·BD?Dó￠??×?,https://www.dy2018.com/i/103577.html,"

magnet:?xt=urn:btih:f35b976ab02e227a48df392918390e7c99558f63&dn=[μ?ó°ììì?www.dytt89.com]à??ao·??-2021_BD?Dó￠??×?.mp4

",,,
2021?ê1ú2ú?ˉ×÷????????·aé?°?￡o????íò?é?ó?·HD1úó??D×?,https://www.dy2018.com/i/103575.html,"

magnet:?xt=urn:btih:9ce5b7b9ee663cd76a398102af367d33289cc68c&dn=[μ?ó°ììì?www.dytt89.com]·aé?°?￡o????íò?é?ó-2021_HD1úó??D×?.mp4

",,,
2021?êó￠1ú?ˉ×÷????D??í??1??ù?·HDó￠ó??D×?,https://www.dy2018.com/i/103565.html,"

magnet:?xt=urn:btih:d9385d7c6a33898ccd5620a7d418983c80fc22a8&dn=[μ?ó°ììì?www.dytt89.com]D??í??1??ù-2021_HDó￠ó??D×?.mp4

",,,
2021?ê?·?à?ˉ×÷·?×?????ì??????úí?￡ooìé?í¨??á??·BD?Dó￠??×?,https://www.dy2018.com/i/103555.html,"

magnet:?xt=urn:btih:f434a924d6b795c7d324c3d1bc5bb13358dce938&dn=[μ?ó°ììì?www.dytt89.com]ì??????úí?￡ooìé?í¨??á?-2021_BD?Dó￠??×?.mp4

",,,
2021?ê?à1ú?ˉ×÷·?×?????′óê|?·BD?Dó￠??×?,https://www.dy2018.com/i/103551.html,"

magnet:?xt=urn:btih:854d3e3ade70c2bdbfdb4618f5236989873a9479&dn=[μ?ó°ììì?www.dytt89.com]′óê|-2021_BD?Dó￠??×?.mp4

","

magnet:?xt=urn:btih:6216534866121f103b9e711a416b190f5bdf2796&dn=[μ?ó°ììì?www.dytt89.com]′óê|-2021_BD.1080P.?Dó￠??×?.mp4

",,
2021?ê1ú2ú?ˉ×÷1?×°???????ò?ú1?ê??·HD1úó??D×?,https://www.dy2018.com/i/103545.html,"

magnet:?xt=urn:btih:efa9be1089844c038e749c2e5135d5f263df9051&dn=[μ?ó°ììì?www.dytt89.com]???ò?ú1?ê?-2021_HD1úó??D×?.mp4

",,,
2021?ê?·?à?ˉ×÷??????????è??ì′ò?·HD?Dó￠??×?,https://www.dy2018.com/i/103541.html,"

magnet:?xt=urn:btih:f9f2f48e0e90b5567d2a7c077a10d4ddc8518706&dn=[μ?ó°ììì?www.dytt89.com]??è??ì′ò-2021_HD?Dó￠??×?.mp4

",,,
2021?êo?1ú6.2·??ˉ×÷????????Dì?￡?·BDo?ó??D×?,https://www.dy2018.com/i/103513.html,"

magnet:?xt=urn:btih:d5c8f3745d2274d3b874bfec3ad177c77d1348d3&dn=[μ?ó°ììì?www.dytt89.com]Dì?￡-2021_BDo?ó??D×?.mp4

",,,
2021?ê?à1ú7.9·??ˉ×÷·?×?????D?è????·BD?Dó￠??×?,https://www.dy2018.com/i/103506.html,"

magnet:?xt=urn:btih:ef6006794b90b446ce8a55957b2aa26c76388642&dn=[μ?ó°ììì?www.dytt89.com]D?è???-2021_BD?Dó￠??×?.mp4

",,,
2021?ê?à1ú?ˉ×÷?a?¤????é??1ê??·BD?Dó￠??×?,https://www.dy2018.com/i/103496.html,"

magnet:?xt=urn:btih:cd4e5c0c5c3b2ab22c081730b2041fd9390f14fd&dn=[μ?ó°ììì?www.dytt89.com]é??1ê?-2021_BD?Dó￠??×?.mp4

",,,
2021?ê1ú2ú7.0·??ˉ×÷????????′ìé±D??μ?ò?·HD1úó??D×?,https://www.dy2018.com/i/103464.html,"

magnet:?xt=urn:btih:f269992eb6cf6ad253c75a42739f44d1b02432b4&dn=[μ?ó°ììì?www.dytt89.com]′ìé±D??μ?ò-2021_HD1úó??D×?V2.mp4

","

magnet:?xt=urn:btih:1bc699569f45c357c771fa4993009db5596e6d67&dn=[μ?ó°ììì?www.dytt89.com]′ìé±D??μ?ò-2021_HD1úó??D×?.mp4

",,
2021?ê?à1ú?2???ˉ×÷????à×?a??é??·BD?Dó￠??×?,https://www.dy2018.com/i/103461.html,"

magnet:?xt=urn:btih:281c75036fc7f5a9704c7881b525c3be333dd815&dn=[μ?ó°ììì?www.dytt89.com]à×?a??é?-2021_BD?Dó￠??×?.mp4

",,,
2020?ê?·?à6.3·??ˉ×÷?a?¤??????à???3??·BD?Dó￠??×?,https://www.dy2018.com/i/103460.html,"

magnet:?xt=urn:btih:d0d11d3f9df91d8667784d8233647f13e9ec6534&dn=[μ?ó°ììì?www.dytt89.com]??à???3?-2020_BD?Dó￠??×?.mp4

",,,
2021?ê?à1ú?á1?à-?1?¤?-????2à????ítà?μ?ó?à??°?·BD?Dó￠??×?,https://www.dy2018.com/i/103442.html,"

magnet:?xt=urn:btih:1916aad55124b5d397acd5535da7944eb67c5468&dn=[μ?ó°ììì?www.dytt89.com]ítà?μ?ó?à??°-2021_BD?Dó￠??×?.mp4

",,,
2021?ê1ú2ú7.4·??????ˉ?-??D?é?°?￡o??????éú?·HD1ú?á??ó??D×?,https://www.dy2018.com/i/103412.html,"

magnet:?xt=urn:btih:89847e3934f8a5ccdff2cd0e74bb1c6d17a24641&dn=[μ?ó°ììì?www.dytt89.com]D?é?°?￡o??????éú-2021_HD1ú?á??ó??D×?.mkv

","

magnet:?xt=urn:btih:1fb17239187f39f2ab92df73fa9ffb9c526532a2&dn=[μ?ó°ììì?www.dytt89.com]D?é?°?￡o??????éú-2021_HD1úó??D×?.mp4

",,
2021?ê1ú2ú?2???ˉ×÷?????òμ?ò°?ù???????·HD1úó??D×?,https://www.dy2018.com/i/103420.html,"

magnet:?xt=urn:btih:de806df400c9f1b87b26bfd616cf3b4f55fb07ad&dn=[μ?ó°ììì?www.dytt89.com]?òμ?ò°?ù??????-2021_HD1úó??D×?.mp4

",,,
2021?ê1ú2ú?ˉ×÷1?×°??????·éoè????é?á?êàèù?·HD1úó??D×?,https://www.dy2018.com/i/103405.html,"

magnet:?xt=urn:btih:93e951afcf7e8a601a3e8ca48784a46352798b84&dn=[μ?ó°ììì?www.dytt89.com]??·éoè????é?á?êàèù-2021_HD1úó??D×?.mp4

",,,
2021?ê?·?à6.7·??ˉ×÷???????????1à-′ó???e???·BD?Dó￠??×?,https://www.dy2018.com/i/103400.html,"

magnet:?xt=urn:btih:1cac78fd9cae1a384cbb3179a5d6ab7d9396350c&dn=[μ?ó°ììì?www.dytt89.com]???1à-′ó???e??-2021_BD?Dó￠??×?V2×?????ò?°?.mp4

","

magnet:?xt=urn:btih:4a96173e596e594ebb61fc6b4e0e737fd2fbe1d8&dn=[μ?ó°ììì?www.dytt89.com]???1à-′ó???e??-2021_HDó￠ó??D×?.mp4

",,
2021?ê1ú2ú?ˉ×÷????????ê?é???íò?￡·a?§?·HD1úó??D×?,https://www.dy2018.com/i/103369.html,"

magnet:?xt=urn:btih:b970b0e53e157904397def10608b71dbec761ba1&dn=[μ?ó°ììì?www.dytt89.com]ê?é???íò?￡·a?§-2021_HD1úó??D×?.mp4

",,,
2019?ê?à1ú6.6·??ˉ×÷·?×?????21×ù???·BD?Dó￠??×?,https://www.dy2018.com/i/103367.html,"

magnet:?xt=urn:btih:0f831c0c029dcba62970312b13f58bba10a86a33&dn=[μ?ó°ììì?www.dytt89.com]21×ù??-2019_BD?Dó￠??×?.mp4

",,,
2021?ê1ú2úêíD?áú?ˉ×÷?????????à3à??á??y′??·HD1úó??D×?,https://www.dy2018.com/i/103347.html,"

magnet:?xt=urn:btih:abb10ba66e51f49d60880ca9ca19c97e5154309b&dn=[μ?ó°ììì?www.dytt89.com]?à3à??á??y′?-2021_HD1úó??D×?.mp4

",,,
2021?ê1ú2úDì????D????ˉ×÷????à?°????·HD1úó??D×?,https://www.dy2018.com/i/103345.html,"

magnet:?xt=urn:btih:1dd23edaf3a38a82fcef75e9e0f5c258583ed35d&dn=[μ?ó°ììì?www.dytt89.com]à?°???-2021_HD1úó??D×?.mp4

",,,
2021?ê?÷°à?à7.1·??ˉ×÷·?×????????·?????·BDó￠ó??D×?,https://www.dy2018.com/i/103338.html,"

magnet:?xt=urn:btih:eeb61eb156ea5e13813b8e248a4b953edce751ec&dn=[μ?ó°ììì?www.dytt89.com]???·????-2021_BDó￠ó??D×?.mp4

",,,
2020?ê?·?à6.5·??ˉ×÷????é??????à1984?·BD1úó￠??ó??Dó￠??×?,https://www.dy2018.com/i/102969.html,"

magnet:?xt=urn:btih:81d6004141cd56d331f6b53152cd6aa7837124e8&dn=[μ?ó°ììì?www.dytt89.com]é??????à1984BD1úó￠??ó??Dó￠??×?V2DT?y°?.mp4

","

magnet:?xt=urn:btih:03597d1af72e368c7ffd1853a3903b6386c753f5&dn=[μ?ó°ììì?www.dytt89.com]é??????à1984-2020_BD1úó￠??ó??Dó￠??×?.mp4

","

magnet:?xt=urn:btih:9fb8f88681f6475f8ba52b4aece120548fbc482c&dn=[μ?ó°ììì?www.dytt89.com]é??????à1984-2020_BD?Dó￠??×?V2.mp4

","

magnet:?xt=urn:btih:d696dec06c651fa50322e16e4a9783895395bb2c&dn=[μ?ó°ììì?www.dytt89.com]é??????à1984-2020_BD?Dó￠??×?.mp4

"
2021?ê?à1ú8.8·??????????ú???¤ê???μ?°??yò?áa???·BD?Dó￠??×?,https://www.dy2018.com/i/103335.html,"

magnet:?xt=urn:btih:e22bc91f735a83bce9bf81a0968c3c381be84c20&dn=[μ?ó°ììì?www.dytt89.com]?ú???¤ê???μ?°??yò?áa??-2021_BD?Dó￠??×?.mp4

",,,
2019?ê?à1ú?ˉ×÷?a?¤??????à?μ?μo?·BD?Dó￠??×?,https://www.dy2018.com/i/103306.html,"

magnet:?xt=urn:btih:ef4dfafccc610e23ffe26b7dab6b576d41b89eec&dn=[μ?ó°ììì?www.dytt89.com]??à?μ?μo-2019_BD?Dó￠??×?.mp4

",,,
2020?êè?±??ˉ×÷????????2??·BDè?ó??D×?,https://www.dy2018.com/i/103305.html,"

magnet:?xt=urn:btih:e6f6af810df0081e122e5354565d94f9d55d7ff9&dn=[μ?ó°ììì?www.dytt89.com]????2?-2020_BDè?ó??D×?.mp4

",,,
2021?ê1ú2ú??o￡·???3¤?-???é???????é?a??ê¨×ó?￥?·HD1úó??D×?,https://www.dy2018.com/i/103302.html,"

magnet:?xt=urn:btih:6a5738820da4209d95fcbaf190d4bf9a562ebea8&dn=[μ?ó°ììì?www.dytt89.com]???é?a??ê¨×ó?￥-2021_HD1úó??D×?.mp4

",,
2021?ê·¨1ú?ˉ×÷????éú±?DD?ˉ?·BD?Dó￠??×?,https://www.dy2018.com/i/103297.html,"

magnet:?xt=urn:btih:8ebed9020a0556643e893c38495fef71b2aed33e&dn=[μ?ó°ììì?www.dytt89.com]éú±?DD?ˉ-2021_BD?Dó￠??×?.mp4

",,
2021?ê1ú2ú3?o????ˉ×÷Düòé????μòèê?ü￡o3¤°2±??·HD1úó??D×?,https://www.dy2018.com/i/103292.html,"

magnet:?xt=urn:btih:e8586f9bd379f1fee32907d89820e62f76ccd575&dn=[μ?ó°ììì?www.dytt89.com]μòèê?ü￡o3¤°2±?-2021_HD1úó??D×?.mp4

",,
2021?ê?à1ú?ˉ×÷????????íaD?×????·BD?Dó￠??×?,https://www.dy2018.com/i/103287.html,"

magnet:?xt=urn:btih:7f52effed5df37aa54b9b4d6b23fe78b50d01d05&dn=[μ?ó°ììì?www.dytt89.com]íaD?×???-2021_BD?Dó￠??×?.mp4

",,
2021?êè?±?Düòé?ˉ?-???????ìì?????￡o?3é?μ?2??ú3??¤?÷?·BD?D×?,https://www.dy2018.com/i/103282.html,"

magnet:?xt=urn:btih:d4615c208f984371325bcd307a8fd36f0dd1aaa8&dn=???ìì?????￡o?3é?μ?2??ú3??¤?÷-2021_BDè?ó??D×?.mp4

",,
2021?ê1ú2ú?ˉ×÷????í-?¤ìú1?·?êàó??·HD1úó??D×?,https://www.dy2018.com/i/103280.html,"

magnet:?xt=urn:btih:1c27cb19b16ddccd4088d18a02a7a8e0fd3680ef&dn=[μ?ó°ììì?www.dytt89.com]í-?¤ìú1?·?êàó?-2021_HD1úó??D×?.mp4

",,
2021?ê1ú2ú?ˉ×÷????????ò????èéú?·HD1úó??D×?,https://www.dy2018.com/i/103274.html,"

magnet:?xt=urn:btih:6af15805705de39f2a989d4ef931568e66653fca&dn=[μ?ó°ììì?www.dytt89.com]ò????èéú-2021_HD1úó??D×?.mp4

",,
2021?ê?·?à?ˉ×÷°??é?????èêê??è??·BD?D×?,https://www.dy2018.com/i/103269.html,"

magnet:?xt=urn:btih:a9742ca8011f5e65375e3d459889e21b554677d7&dn=[μ?ó°ììì?www.dytt89.com]?èêê??è?-2021_BD?D×?.mp4

",,
2021?ê1ú2úD????ˉ×÷????????DT?é′???á??￡?·HD1úó??D×?,https://www.dy2018.com/i/103263.html,"

magnet:?xt=urn:btih:8aabe78ddecceba0726f5733c6fcfe7a9104df61&dn=[μ?ó°ììì?www.dytt89.com]DT?é′???á??￡-2021_HD1úó??D×?.mp4

",,
2020?ê?à1ú?ˉ×÷?°??????òaμD?·BD?D×?,https://www.dy2018.com/i/103249.html,"

magnet:?xt=urn:btih:12f4ea99448284cddf04289181a76b4b63c67b35&dn=[μ?ó°ììì?www.dytt89.com]òaμD-2020_BD?D×?.mp4

",,
2021?ê?à1ú7.6·??ˉ×÷????D?í??ó?á?·BD?Dó￠??×?,https://www.dy2018.com/i/103224.html,"

magnet:?xt=urn:btih:688ac159d97235238422d30e54328004a4af7414&dn=[μ?ó°ììì?www.dytt89.com]D?í??ó?á-2021_BD?Dó￠??×?.mp4

",,
2020?ê1ú2úá?μ??aá??à???ˉ×÷·?×?????2eμˉ×¨?ò2?·HD1úó??D×?,https://www.dy2018.com/i/103223.html,"

magnet:?xt=urn:btih:1c5596857e6fa9937ba777485d74c9166c4d334d&dn=[μ?ó°ììì?www.dytt89.com]2eμˉ×¨?ò2-2020_HD1úó??D×?.mp4

",,
2021?ê1ú2ú????×??ˉ×÷????·′?÷?·HD1úó??D×?,https://www.dy2018.com/i/103213.html,"

magnet:?xt=urn:btih:ce5a9460116bdb1c366b08a0df65e695d8e5db73&dn=[μ?ó°ììì?www.dytt89.com]·′?÷-2021_HD1úó??D×?.mp4

",,
2020?ê?à1ú?ˉ×÷????????1???á÷á????·BD?D×?,https://www.dy2018.com/i/103212.html,"

magnet:?xt=urn:btih:d01722fbaa7539f0b7f6ca2f8704b50a78d21a85&dn=[μ?ó°ììì?www.dytt89.com]1???á÷á???-2020_BD?D×?.mp4

",,
2020?ê?í?T?16.0·??ˉ×÷????????ò?oóê????±?·BD?D×?,https://www.dy2018.com/i/103206.html,"

magnet:?xt=urn:btih:4151c50f938bf072ef12d17127b27231f5bb023e&dn=[μ?ó°ììì?www.dytt89.com]ò?oóê????±-2020_BD?D×?.mp4

",,
2021?ê1ú2úí?±|???ˉ×÷????éùá?????μ?±|′????·HD1úó??D×?,https://www.dy2018.com/i/103194.html,"

magnet:?xt=urn:btih:9e593cd17de23e83c842fc34a41b7d86a64efa3b&dn=[μ?ó°ììì?www.dytt89.com]éùá?????μ?±|′???-2021_HD1úó??D×?.mp4

",,
2020?êo?1ú?ˉ×÷?????￡?í?·BDo?ó??D×?,https://www.dy2018.com/i/103189.html,"

magnet:?xt=urn:btih:a08f6213a18f6e40be51ebbd7e8c51754a229ce3&dn=[μ?ó°ììì?www.dytt89.com]?￡?í-2020_BDo?ó??D×?.mp4

",,
2020?ê?à1ú6.0·??ˉ×÷?a?¤????D￡?°′óìóé±?·BD?Dó￠??×?,https://www.dy2018.com/i/103175.html,"

magnet:?xt=urn:btih:7bf31e9683f9d26bea85a6b6a2db6082ea438522&dn=[μ?ó°ììì?www.dytt89.com]D￡?°′óìóé±-2020_BD?Dó￠??×?.mp4

",,
2020?ê1ú2ú?ˉ×÷·?×??????T??DD????éú?à?±DD?·BD?áó??D×?,https://www.dy2018.com/i/102735.html,"

magnet:?xt=urn:btih:a8d7a4ebc4e003b1325e18d59cf8554a8375a5e7&dn=[μ?ó°ììì?www.dytt89.com]?T??DD????éú?à?±DD-2020_BD?áó??D×?.mp4

","

magnet:?xt=urn:btih:70bf2e294b2e3a36bb95f6334dacf7b102a44099&dn=[μ?ó°ììì?www.dytt89.com]?T??DD????éú?à?±DDHD1ú?á??ó??D×?.mp4

","

magnet:?xt=urn:btih:24810aec5fa585a85f97ca8ad94dde9729100a2b&dn=[μ?ó°ììì?www.dytt89.com]?T??DD????éú?à?±DDHD1úó??D×?.mp4

"
2020?ê1ú2ú6.3·??ˉ×÷???????????±?è???·HD1úó??D×?,https://www.dy2018.com/i/103172.html,"

magnet:?xt=urn:btih:c22a780c51cc16900e674cd4bad32e9503905bc1&dn=[μ?ó°ììì?www.dytt89.com]???±?è??-2020_HD1úó??D×?.mp4

",,
2020?ê?à1ú?2???ˉ×÷????3??????ü?·BD?D×?,https://www.dy2018.com/i/103170.html,"

magnet:?xt=urn:btih:69b316a7b7ac696a2be2ba6e7ede4724808e7430&dn=[μ?ó°ììì?www.dytt89.com]3??????ü-2020_BD?D×?.mp4

",,
2021?ê1ú2ú?àá??°?a±??ˉ×÷????D??×1éà′?·HD1úó??D×?,https://www.dy2018.com/i/103155.html,"

magnet:?xt=urn:btih:9f0e7a7dba2bdf6a890c13840db3e0f5708e5898&dn=[μ?ó°ììì?www.dytt89.com]D??×1éà′-2021_HD1úó??D×?.mp4

",,
2021?ê?÷°à?à6.8·??ˉ×÷?a?¤????á??èò????·BD?÷°à?àó??D×?,https://www.dy2018.com/i/103144.html,"

magnet:?xt=urn:btih:b27f96559f276ebf6a2b8cf208c85a19fe5420e0&dn=[μ?ó°ììì?www.dytt89.com]á??èò???-2021_BD?÷°à?àó??D×?.mp4

",,
2020?ê?·?à7.1·??a?¤??2à?????aDèμ?óü?·HD?Dó￠??×?,https://www.dy2018.com/i/103142.html,"

magnet:?xt=urn:btih:85178dcc91ffcd5a33b82fece1e9e8f0e65aacdf&dn=[μ?ó°ììì?www.dytt89.com]?aDèμ?óü-2020_HD?Dó￠??×?.mp4

",,
2021?ê?D1ú?????ˉ×÷·?×???????°?DD?ˉ??μ·??è????·HD1úó??D×?,https://www.dy2018.com/i/103136.html,"

magnet:?xt=urn:btih:fd429e7ab9a9ce7d4111fe825eec48e70073da3a&dn=[μ?ó°ììì?www.dytt89.com]??°?DD?ˉ??μ·??è???-2021_HD1úó??D×?.mp4

",,
2021?ê?à1ú6.0·??°???ˉ?-????òùòe?à￡oáú???ê?·BD?Dó￠??×?,https://www.dy2018.com/i/103121.html,"

magnet:?xt=urn:btih:189a615abd766eeb340884db7437ac54500636d2&dn=[μ?ó°ììì?www.dytt89.com]òùòe?à￡oáú???ê-2021_BD?Dó￠??×?.mp4

",,
2020?ê?·?à?ˉ×÷??2à???????Dò?ó°?·BD?D×?,https://www.dy2018.com/i/103099.html,"

magnet:?xt=urn:btih:fa7dfc0efe29c654b1b849eec54a757ac26c7629&dn=[μ?ó°ììì?www.dytt89.com]???Dò?ó°-2020_BD?D×?.mp4

",,
2020?ê?à1ú?ˉ×÷?????èêê???·BD?D×?,https://www.dy2018.com/i/103084.html,"

magnet:?xt=urn:btih:7933541a0f347f891254f652b2d6313ac4358f79&dn=[μ?ó°ììì?www.dytt89.com]?èêê??-2020_BD?D×?.mp4

",,
2021?ê1ú2ú?ˉ×÷???????ˉ??à¤￡o????·??t?·HD1úó??D×?,https://www.dy2018.com/i/103061.html,"

magnet:?xt=urn:btih:5491a0b2781e97da28a7d696b70a1ba2df5ccc81&dn=???ˉ??à¤￡o????·??t-2021_HD1úó??D×?.mp4

",,
2021?ê?à1ú?ˉ×÷??????????è??¤???·HD?D×?,https://www.dy2018.com/i/103059.html,"

magnet:?xt=urn:btih:adfd00dacac53408f83740582415086c8537c18b&dn=??è??¤??-2021_HD?D×?.mp4

",,
2020?ê?à1ú6.8·??ˉ×÷?°??????êà??D????·BD?Dó￠??×?,https://www.dy2018.com/i/103054.html,"

magnet:?xt=urn:btih:8f1aa79e887bbecb116c6277b81357676d30f5fb&dn=[μ?ó°ììì?www.dytt89.com]êà??D???-2020_BD?Dó￠??×?.mp4

",,,
2019?ê?à1ú?ˉ×÷·?×??????2?ùé±?ú?·BD?D×?,https://www.dy2018.com/i/103019.html,"

magnet:?xt=urn:btih:1c577fa3cb4f71c1045348ecf9324ecbd2afedbd&dn=[μ?ó°ììì?www.dytt89.com]?2?ùé±?ú-2019_BD?D×?.mp4

",,,
2020?ê?à1ú6.8·??ˉ×÷????áìD???×??·BD?Dó￠??×?,https://www.dy2018.com/i/103002.html,"

magnet:?xt=urn:btih:bf36bb9d89f2cc66591f6c23636dda7570f5ee7b&dn=[μ?ó°ììì?www.dytt89.com]áìD???×?-2020_BD?Dó￠??×?.mp4

",,,
2020?ê1ú2ú6.5·????é????3y±??·HD1ú?á??ó??D×?,https://www.dy2018.com/i/102996.html,"

magnet:?xt=urn:btih:fc6ea3fa44e1b091c2277602911b14cba71debfd&dn=[μ?ó°ììì?www.dytt89.com]3y±?-2020_HD1ú?á??ó??D×?.mp4

",,,
2020?ê?à1ú?2???ˉ×÷????è???D?ó￠D??·BD?D×?,https://www.dy2018.com/i/102958.html,"

magnet:?xt=urn:btih:4c260cff4c5928282200c31dcbf94fb83cd2c791&dn=è???D?ó￠D?-2020_BD?D×?.mp4

",,,
2020?êo?1ú?2???ˉ×÷????1ú?ê??2é?·BDo?ó??D×?,https://www.dy2018.com/i/102946.html,"

magnet:?xt=urn:btih:b509925e3c065ab2cf9b83c8c2e1364c5e8da1e9&dn=[μ?ó°ììì?www.dytt89.com]1ú?ê??2é-2020_BDo?ó??D×?.mp4

",,,
2020?ê1ú2ú3éáú???ó°??×?ˉ×÷?????±?è·??·BD1ú?á??ó??D×?,https://www.dy2018.com/i/102682.html,"

magnet:?xt=urn:btih:953e84656708d4dffad2c859626b2ae1e0973387&dn=[μ?ó°ììì?www.dytt89.com]?±?è·?-2020_BD1ú?á??ó??D×?.mp4

","

magnet:?xt=urn:btih:3056b61557ee380417fedaea4bf0ea6949a53c00&dn=[μ?ó°ììì?www.dytt89.com]?±?è·?HD1úó??D×?.mp4

","

magnet:?xt=urn:btih:4aaca839c4dda7c6996210ac29f78de748140a45&dn=[μ?ó°ììì?www.dytt89.com]?±?è·?HD?áó??D×?.mp4

",
2020?ê?à1ú?ˉ×÷????áy?D?·êT?·BD?Dó￠??×?,https://www.dy2018.com/i/102920.html,"

magnet:?xt=urn:btih:cb642922d6c9d10c32d396df73be7a73abdb0678&dn=áy?D?·êT-2020_BD?Dó￠??×?.mp4

",,,
2020?êo?1ú?ˉ×÷????áú???ó￡o?T?é??êD?·BDo?ó??D×?,https://www.dy2018.com/i/102905.html,"

magnet:?xt=urn:btih:b8c07c0150bb1ea28b3700503baa3af778dd1cab&dn=áú???ó￡o?T?é??êD-2020_BDo?ó??D×?.mp4

",,,
2020?ê?à1ú?ˉ×÷????ò?è??üí??·BD?Dó￠??×?,https://www.dy2018.com/i/102901.html,"

magnet:?xt=urn:btih:e5e6abcfbeae4c3a310d69c62ea9a3a26715076e&dn=[μ?ó°ììì?www.dytt89.com]ò?è??üí?-2020_BD?Dó￠??×?.mp4

",,,
2019?ê·¨1ú7.2·??ˉ×÷·?×?????3?êDá?è??·BD·¨ó??D×?DT?′,https://www.dy2018.com/i/101040.html,"

magnet:?xt=urn:btih:5538d305a8d694da86a5d425708371ab2128e49a&dn=3?êDá?è?-2019_BD·¨ó?.mp4

","

magnet:?xt=urn:btih:6bc8d56fc44920d0f7f8d712630e62cac05880c1&dn=3?êDá?è?BD·¨ó?[μ?ó°ììì?www.dy2018.com].mp4

",,
2020?ê1ú2ú6.2·????é????ìóóüD?μü?·HD1úó??D×?,https://www.dy2018.com/i/102879.html,"

magnet:?xt=urn:btih:4dc2454271f308ebc82542ba13da7eee4b511604&dn=[μ?ó°ììì?www.dytt89.com]ìóóüD?μü-2020_BD1ú?á??ó??D×?.mp4

","

magnet:?xt=urn:btih:eba924952fe9fd95f6262097ebf81ecb28993fda&dn=[μ?ó°ììì?www.dytt89.com]ìóóüD?μü-2020_HD1úó??D×?.mp4

",,
2020?ê?à1ú?ˉ×÷????????è??ì1????·BD?Dó￠??×?,https://www.dy2018.com/i/102866.html,"

magnet:?xt=urn:btih:9efe6fb5cd1e403d8f63e3e6019b0e8ca79f1922&dn=[μ?ó°ììì?www.dytt89.com]è??ì1???-2020_BD?Dó￠??×?.mp4

",,,
2018?ê°í?ù?1ì1???ù????°??èD?D??·HD?ú????ó??D×?,https://www.dy2018.com/i/102847.html,"

magnet:?xt=urn:btih:e38f28f2d6e1ac4a2a8aef15df71e84168c05b34&dn=[μ?ó°ììì?www.dytt89.com]°??èD?D?HD?ú????ó??D×?.mp4

",,,
2020?ê1ú2ú?ˉ×÷???????????ù?ào?í???′óê￥?T???·HD1úó??D×?,https://www.dy2018.com/i/102844.html,"

magnet:?xt=urn:btih:cc26b83245027355848cdaac1350cc4861b6027d&dn=[μ?ó°ììì?www.dytt89.com]???ù?ào?í???′óê￥?T??HD1úó??D×?.mp4

",,,
2020?ê?ó??′ó?ˉ×÷?a?¤????íòμ??·BD?Dó￠??×?,https://www.dy2018.com/i/102842.html,"

magnet:?xt=urn:btih:9018aab36aff3314aff3ec09fd54a3cfc66469ca&dn=[μ?ó°ììì?www.dytt89.com]íòμ?BD?Dó￠??×?.mp4

",,,
2020?ê?à1ú?ˉ×÷·?×??????á?eóa?è?·BD?Dó￠??×?,https://www.dy2018.com/i/102841.html,"

magnet:?xt=urn:btih:41eaeede530d8f875831b699cc5fd7d11bf56046&dn=[μ?ó°ììì?www.dytt89.com]?á?eóa?èBD?Dó￠??×?.mp4

",,,
2020?ê1ú2úo??y?ˉ×÷?????ò??óà2????ú?·BD1úó??D×?,https://www.dy2018.com/i/102840.html,"

magnet:?xt=urn:btih:45ae8c2eb05bbff86e0e97d7debf1866f31c8e3e&dn=[μ?ó°ììì?www.dytt89.com]?ò??óà2????úBD1úó??D×?.mp4

",,,
2019?ê3éáú?ˉ×÷????????áú???????·BD1úó￠??ó??Dó￠??×?,https://www.dy2018.com/i/101231.html,"

magnet:?xt=urn:btih:a07a71aa3ab251c669ec02cd49bffc1edf90d72f&dn=[μ?ó°ììì?www.dytt89.com]áú??????BD1úó￠??ó??Dó￠??×?.mp4

","

magnet:?xt=urn:btih:58383703ada0f34ec1fccee1e59fc403cb193720&dn=[μ?ó°ììì?www.dytt89.com]áú??????BD?D×?.mp4

","

magnet:?xt=urn:btih:c0efbcbd1248936e678bc13074a793071ec2b5ea&dn=áú??????-2019_HD1úó??D×?.mp4

","

magnet:?xt=urn:btih:77c6263afc51e0b2dfdadb8c9fbeed59283bbc4b&dn=[μ?ó°ììì?www.dy2018.com]áú??????HD1úó??D×?.mkv

"
2020?ê?·?à7.8·??ˉ×÷????????D?ì??·BD1úó￠??ó??Dó￠??×?,https://www.dy2018.com/i/102785.html,"

magnet:?xt=urn:btih:9d0595e2d636415e19732b9ab2c043424587ed58&dn=[μ?ó°ììì?www.dytt89.com]D?ì?BD1úó￠??ó??Dó￠??×?.mkv

","

magnet:?xt=urn:btih:b046696ff84e3ed9f97c0d76468dfaa9bbb3d634&dn=[μ?ó°ììì?www.dytt89.com]D?ì?HD?D×?.mp4

",,
2020?êo?1ú?ˉ×÷????±￡?ú?·BDo?ó??D×?,https://www.dy2018.com/i/102822.html,"

magnet:?xt=urn:btih:98d0eb158969a0911d184f85654bcd95a633d2e9&dn=[μ?ó°ììì?www.dytt89.com]±￡?úBDo?ó??D×?.mp4

",,,
2020?ê?D1ú????3?1úà¤?ˉ×÷????è-μà?·HD1úó??D×?,https://www.dy2018.com/i/102773.html,"

magnet:?xt=urn:btih:3272c74416c2edb76a552ba1c2daa00fd6395936&dn=[μ?ó°ììì?www.dytt89.com]è-μàHD1úó??D×?.mp4

",,,
2019?ê?·?à6.1·??ˉ×÷àúê·?????±ó￥??μ?áè?e?·BD?Dó￠??×?,https://www.dy2018.com/i/102750.html,"

magnet:?xt=urn:btih:d42bd9566a85be2f255840c919c3456a2a701eba&dn=[μ?ó°ììì?www.dytt89.com]?±ó￥??μ?áè?eBD?Dó￠??×?.mp4

",,,
2020?ê?·?à?2???ˉ×÷????×·é±??à?μù?·BD?Dó￠??×?,https://www.dy2018.com/i/102740.html,"

magnet:?xt=urn:btih:66f8dbdc75cade828e93f37e086ff5d62c9498d7&dn=[μ?ó°ììì?www.dytt89.com]×·é±??à?μùBD?Dó￠??×?.mp4

",,,
2020?ê?à1ú?ˉ×÷?????òê??′3e??2?·BD?D×?,https://www.dy2018.com/i/102738.html,"

magnet:?xt=urn:btih:df84a5cf782b0faca74d6096b244e783bdfc8890&dn=[μ?ó°ììì?www.dytt89.com]?òê??′3e??2BD?D×?.mp4

",,,
2020?ê?à1ú?ˉ×÷????????èáμàé·D??·BD?Dó￠??×?,https://www.dy2018.com/i/102718.html,"

magnet:?xt=urn:btih:66c1221e4eddb519a812789e982ac8ccf957c3b7&dn=[μ?ó°ììì?www.dytt89.com]èáμàé·D?BD?Dó￠??×?.mp4

",,,
2019?ê?à1ú?ˉ×÷???ù????oí???·BD?Dó￠??×?,https://www.dy2018.com/i/102710.html,"

magnet:?xt=urn:btih:3e57d0bc7f6c0a78f1cd0ba5faf4a3cc04a8e74a&dn=[μ?ó°ììì?www.dytt89.com]oí??BD?Dó￠??×?.mp4

",,,
2020?êo?1ú?ˉ×÷?a?¤?????aé?DD2￡o°?μo?·BDo?ó??D×?,https://www.dy2018.com/i/102333.html,"

magnet:?xt=urn:btih:8a9909648b168e3db914e64cb34f7b9dfefd93f9&dn=[μ?ó°ììì?www.dytt89.com]?aé?DD2￡o°?μoBDo?ó??D×?.mp4

","

magnet:?xt=urn:btih:b4a24d34011be22528d545d97b4018d6271b8d39&dn=[μ?ó°ììì?www.dytt89.com]?aé?DD2￡o°?μoHDo?ó??D×?.mp4

",,
2019?ê?à1ú?ˉ×÷????????μ?óü?D??￡o?a?êoóáè?e?·BD?Dó￠??×?,https://www.dy2018.com/i/100975.html,"

magnet:?xt=urn:btih:5aaaa0869598a13c5206e0e9762aff97531845ec&dn=μ?óü?D??￡o?a?êoóáè?e-2019_BD?Dó￠??×?.mp4

","

magnet:?xt=urn:btih:ae90c8d268c1b6e37695e190efdc7e815847e05e&dn=μ?óü?D??￡o?a?êoóáè?e-2019_HDo?°??Dó￠??×?.mp4

","

magnet:?xt=urn:btih:cdf49263ce6ea156c5095c65cb9532a57934f06d&dn=μ?óü?D??￡o?a?êoóáè?eBD?Dó￠??×?[μ?ó°ììì?www.dy2018.com].mp4

",
2020?ê?à1ú??????2à????D?±???è??·BD?D×?,https://www.dy2018.com/i/102668.html,"

magnet:?xt=urn:btih:c1fe5a4517d4ffaf6bd1c4b506a3d0d65dc8bb1a&dn=[μ?ó°ììì?www.dytt89.com]D?±???è?BD?D×?.mp4

",,,
2020?ê?D?ào????ˉ×÷??á?òà·?°????¨??à??·BD1úó￠??ó??Dó￠??×?,https://www.dy2018.com/i/102649.html,"

magnet:?xt=urn:btih:6113eaabc5cfb4350c75cc8918a361834814c6e4&dn=[μ?ó°ììì?www.dytt89.com]?¨??à?BD1úó￠??ó??Dó￠??×?.mp4

","

magnet:?xt=urn:btih:65ccc19b77f1b0f4b559a19785c1303177ff7f52&dn=[μ?ó°ììì?www.dytt89.com]?¨??à?BD?Dó￠??×?.mp4

"
2017?êo?1ú7.7·??ˉ×÷·?×?????í????·BDo?ó??D×?,https://www.dy2018.com/i/102635.html,"

magnet:?xt=urn:btih:dc8e4daf741a445daf259d1e8de4663a064554ab&dn=[μ?ó°ììì?www.dytt89.com]í???BDo?ó??D×?.mp4

",
2020?ê?·?à?ˉ×÷/?a?¤???????ü?ù?ú?·BD?D×?,https://www.dy2018.com/i/102614.html,"

magnet:?xt=urn:btih:d3868593d4b58c22d84cae20ac7fdaf01551d8ca&dn=[μ?ó°ììì?www.dytt89.com]???ü?ù?úBD?D×?.mp4

",
2019?ê?·?à??????2à?????yò?μ?×óμˉ?·BD?Dó￠??×?,https://www.dy2018.com/i/102608.html,"

magnet:?xt=urn:btih:85635de29d21449cffcb43eddd9ae14d4b247146&dn=[μ?ó°ììì?www.dytt89.com]?yò?μ?×óμˉBD?Dó￠??×?.mp4

",
2019?ê?à1ú?ˉ×÷????????μú??′?êà??′ó???·BD?Dó￠??×?,https://www.dy2018.com/i/102598.html,"

magnet:?xt=urn:btih:6ec5d1baf74ab6ed01a97d872602c127f8533c9c&dn=[μ?ó°ììì?www.dytt89.com]μú??′?êà??′ó??BD?Dó￠??×?.mp4

",
2020?ê?à1ú?ˉ×÷????·àμˉ2?·BD?D×?,https://www.dy2018.com/i/102595.html,"

magnet:?xt=urn:btih:349a16fb78b37fd71d90ab48623440c6e7d4a1d9&dn=[μ?ó°ììì?www.dytt89.com]·àμˉ2BD?D×?.mp4

",
2020?ê?à1ú?ˉ×÷????????òìD??§1?￡o?a?Dμo?·BD?D×?,https://www.dy2018.com/i/102594.html,"

magnet:?xt=urn:btih:3e1bb2139811cde40829bd13209b1aad97a87e1e&dn=[μ?ó°ììì?www.dytt89.com]òìD??§1?￡o?a?DμoBD?D×?.mp4

",
2020?ê?à1ú?ˉ×÷·?×???????oíêD?·BD?D×?,https://www.dy2018.com/i/102593.html,"

magnet:?xt=urn:btih:6a0c980ef0b84d904f4c4da7def7eb38e806bd5f&dn=[μ?ó°ììì?www.dytt89.com]GeHouêDBD?D×?.mp4

",
2020?ê?à1ú?ˉ×÷?????￠μ¨o·???·BD?D×?,https://www.dy2018.com/i/102578.html,"

magnet:?xt=urn:btih:0345306b04245fb7acc91580e99b4a377df2e0cd&dn=[μ?ó°ììì?www.dytt89.com]?￠μ¨o·??BD?D×?.mp4

",
2019?ê?D1ú???????ú?ˉ×÷?????òêà?¤±|?·BD1ú?á??ó??D×?,https://www.dy2018.com/i/102566.html,"

magnet:?xt=urn:btih:155d573428dd75e8632a5032afdcee3884a27c1b&dn=[μ?ó°ììì?www.dytt89.com]?òêà?¤±|BD1ú?á??ó??D×?.mp4

",
2019?êó￠1úòa′óà??ˉ×÷?a?¤?????13èD°?μ?·BD?D×?,https://www.dy2018.com/i/102553.html,"

magnet:?xt=urn:btih:8eab6be98abab403f633005703602cec0820767d&dn=[μ?ó°ììì?www.dytt89.com]?13èD°?μBD?D×?.mp4

",
2020?ê?à1ú?ˉ×÷·?×?????μ1êy×·?ê?·BD?Dó￠??×?,https://www.dy2018.com/i/102542.html,"

magnet:?xt=urn:btih:92230c1b347adaa3e5f2cbe70e5f845cf89145a2&dn=[μ?ó°ììì?www.dytt89.com]μ1êy×·?êBD?Dó￠??×?.mp4

",
2020?ê?à1ú?ˉ×÷????í?è??àí?2?·BD?Dó￠??×?,https://www.dy2018.com/i/102516.html,"

magnet:?xt=urn:btih:11418fcb6ed91dee81df5aa8147294af53efa48a&dn=[μ?ó°ììì?www.dytt89.com]í?è??àí?2BD?Dó￠??×?.mp4

",
2020?ê?à1ú?ˉ×÷?a?¤?????′??è??·BD?Dó￠??×?,https://www.dy2018.com/i/102514.html,"

magnet:?xt=urn:btih:ef9f7886606a7c151388fc93e60bc7e4a5515ec6&dn=[μ?ó°ììì?www.dytt89.com]?′??è?BD?Dó￠??×?.mp4

",
2019?ê?à1ú6.1·??ˉ×÷·?×????????üòé???·BD?D×?,https://www.dy2018.com/i/102504.html,"

magnet:?xt=urn:btih:2e9ece9ffdbb7a187e06418add2c1b33ff584cca&dn=[μ?ó°ììì?www.dytt89.com]???üòé??BD?D×?.mp4

",
2020?ê1ú2ú6.4·??????ˉ?-?????÷DD?í???ù???ò???·BD1ú?á??ó??D×?,https://www.dy2018.com/i/102501.html,"

magnet:?xt=urn:btih:c43602055298f0d96cc9b8b5e71f7c78df92cf34&dn=[μ?ó°ììì?www.dytt89.com]?÷DD?í???ù???ò??BD1ú?á??ó??D×?.mp4

",
2019?êè?±?7.6·??2???ˉ?-?????3°?èyêà The First?·BDè?ó??D×?,https://www.dy2018.com/i/102445.html,"

magnet:?xt=urn:btih:ff4f7c4aaf6686f25da82dee6c53278dca4103b0&dn=[μ?ó°ììì?www.dytt89.com]?3°?èyêàBDè?ó??D×?.mp4

",
2019?êó￠1ú6.3·??2??????á??D?Do￠?·BD?Dó￠??×?,https://www.dy2018.com/i/102428.html,"

magnet:?xt=urn:btih:bb672661c2d34c64eb1f7fb6076ac7bd321d9fe5&dn=[μ?ó°ììì?www.dytt89.com]á??D?Do￠BD?Dó￠??×?.mp4

",
2020?ê?à1ú?2???????????¨1·′ó??3￡o×|×|?ˉ?á￡??·BD?D×?,https://www.dy2018.com/i/102411.html,"

magnet:?xt=urn:btih:b8d790e684c00182f830fe819542bc488e8074d5&dn=[μ?ó°ììì?www.dytt89.com]?¨1·′ó??3￡o×|×|?ˉ?áBD?D×?.mp4

",
2018?ê?ó??′ó5.9·??ˉ×÷??????1a?????·HD?Dó￠??×?,https://www.dy2018.com/i/102407.html,"

magnet:?xt=urn:btih:e08c97a6a504a90210e693f9064c46458f35f411&dn=[μ?ó°ììì?www.dytt89.com]??1a????HD?Dó￠??×?.mp4

",
2020?êo?1ú7.4·??ˉ×÷·?×?????′óD°???D?ü?è?ò?·BDo?ó??D×?,https://www.dy2018.com/i/102392.html,"

magnet:?xt=urn:btih:6190909b6afd43648a044e51e955eb58cb75b11f&dn=[μ?ó°ììì?www.dytt89.com]′óD°???D?ü?è?òBDo?ó??D×?.mp4

",
2020?ê1ú2úDí?y′??2????????±±íùê?￡o?ò?Dá?o￡?ù?·HD1úó??D×?,https://www.dy2018.com/i/102381.html,"

magnet:?xt=urn:btih:6931dcde9edc15df268754ef69c79f14a7d02338&dn=[μ?ó°ììì?www.dytt89.com]??±±íùê?￡o?ò?Dá?o￡?ùHD1úó??D×?.mp4

",
2020?êó￠1ú??·??ˉ×÷???ù?????àμá?·BD?Dó￠??×?,https://www.dy2018.com/i/102343.html,"

magnet:?xt=urn:btih:968a75551a443c6887d97c2ca2d96e82b4de9f68&dn=[μ?ó°ììì?www.dytt89.com]?àμáBD?Dó￠??×?.mp4

",
2020?ê?à1ú6.3·??ˉ×÷?ˉ?-????3?è?￡o?÷è???×ó?·BD?Dó￠??×?,https://www.dy2018.com/i/102339.html,"

magnet:?xt=urn:btih:f996b37bfd8585a8aff48cdd4c8effe8ecfd8f2e&dn=[μ?ó°ììì?www.dytt89.com]3?è?￡o?÷è???×óBD?Dó￠??×?.mp4

",
2020?ê?à1ú?ˉ×÷?a?¤?????ü1è?′3eò1?·BD?Dó￠??×?,https://www.dy2018.com/i/102337.html,"

magnet:?xt=urn:btih:3ac128bcd6dc16aa0dbefa8f6d85e781c6402049&dn=[μ?ó°ììì?www.dytt89.com]?ü1è?′3eò1BD?Dó￠??×?.mp4

",
2020?ê?à1ú?ˉ×÷·?×?????°?íT?·BD?Dó￠??×?,https://www.dy2018.com/i/102334.html,"

magnet:?xt=urn:btih:a21dcc23831d1e6039ebbbb469c1446757d1fef1&dn=[μ?ó°ììì?www.dytt89.com]°?íTBD?Dó￠??×?.mp4

",
2020?ê1ú2úoú?üóà?D?ˉ×÷°??é????é?o￡í?2?·HD1úó??D×?,https://www.dy2018.com/i/102332.html,"

magnet:?xt=urn:btih:e8f037e725c1898699c9ca3364625c6b09569c02&dn=[μ?ó°ììì?www.dytt89.com]é?o￡í?2HD1úó??D×?.mp4

",
2019?ê?D1ú?????ˉ×÷????×?è?μ?è-í·?·BD1ú?á??ó??D×?,https://www.dy2018.com/i/102327.html,"

magnet:?xt=urn:btih:a3a248fea3ffc08c165c0b441ed729e550091973&dn=[μ?ó°ììì?www.dytt89.com]×?è?μ?è-í·BD1ú?á??ó??D×?.mp4

",
2019?êó??è?á?÷???ˉ×÷????????éáμ????à??′?à-?·BD?D×?,https://www.dy2018.com/i/102324.html,"

magnet:?xt=urn:btih:5816e640d43eac1fbe14346a5ee85a6381f0ef73&dn=[μ?ó°ììì?www.dytt89.com]éáμ????à??′?à-BD?D×?.mp4

",
2020?ê?à1ú?2???ˉ×÷????óa?èà?°?à??è?·BD?D×?,https://www.dy2018.com/i/102316.html,"

magnet:?xt=urn:btih:59b109fbc2b0c1706f60e4a100aeaf824ad35bbf&dn=[μ?ó°ììì?www.dytt89.com]óa?èà?°?à??èBD?D×?.mp4

",
